lineage	POS	REF	ALT	level
L1	615938	G	A	1
L1	272678	C	T	1
L2	282892	C	T	1
L2	811753	C	T	1
L3	342873	C	T	1
L3	652950	T	C	1
L4	2825466	G	A	1
L4	2847281	A	G	1
L5	1799921	C	A	1
L5	352646	G	A	1
L6	982363	G	T	1
L6	2847737	G	A	1
L7	1137518	G	A	1
L7	1561245	C	T	1
L8	221190	G	T	1
L9	2750052	G	A	1
L9	3370805	G	C	1
M.caprae	904090	T	C	1
M.caprae	1069305	G	C	1
M.bovis	62768	A	G	1
M.bovis	3371401	G	A	1
M.orygis	44812	G	T	1
M.orygis	1236745	G	C	1
M.microti	2874797	G	T	1
M.microti	3688579	G	A	1
M.pinnipedii	348280	G	T	1
M.pinnipedii	458156	G	A	1
L1.1	4404247	G	A	2
L1.1	2989683	C	T	2
L1.2	1136017	A	G	2
L1.2	2278507	G	A	2
L1.3	2763624	G	A	2
L1.3	727440	C	T	2
L2.1	648465	A	G	2
L2.1	1135798	C	T	2
L2.2 (ancient)	2505085	G	A	2
L2.2 (ancient)	1288698	G	A	2
L2.2 (modern)	1477596	C	T	2
L3.1	4306896	C	T	2
L3.1	2541779	G	A	2
L3.2	17842	G	C	2
L3.2	1919627	G	A	2
L3.3	403295	G	A	2
L3.3	45544	C	T	2
L3.4	110567	C	T	2
L3.4	1919901	C	T	2
L3.5	3473662	G	A	2
L3.5	4161737	C	G	2
L3.6	2890468	C	G	2
L3.6	1321096	G	A	2
L4.1	62657	G	A	2
L4.1	284623	G	A	2
L4.2	1466779	C	T	2
L4.2	1568018	C	T	2
L4.3	1452071	C	A	2
L4.3	3191027	G	A	2
L4.4	4307886	G	A	2
L4.4	4238963	C	T	2
L4.5	620029	C	T	2
L4.5	1719757	G	T	2
L4.6	18091	G	A	2
L4.6	3466426	G	A	2
L4.7	716918	G	A	2
L4.7	3270289	C	A	2
L4.8	1130526	G	A	2
L4.8	3836739	G	A	2
L4.9	420008	A	G	2
L4.9	903913	T	C	2
L5.1	3592709	C	T	2
L5.1	1846092	C	T	2
L5.2	86773	C	A	2
L5.2	354234	G	A	2
L5.3	225657	G	A	2
L5.3	1011206	C	G	2
L6.1	1582186	C	T	2
L6.1	1924590	C	G	2
L6.2	1577846	G	A	2
L6.2	420308	C	T	2
L6.3	1221279	C	T	2
L6.3	1870173	G	A	2
L1.1.1	529363	C	T	3
L1.1.2	219722	G	T	3
L1.1.3	1491275	G	A	3
L1.2.1	590595	G	A	3
L1.2.2	528781	G	A	3
L1.3.1	1245275	C	T	3
L1.3.2	61842	T	C	3
L2.2.AA1	346693	G	T	3
L2.2.A	4146082	C	T	3
2.2.1.2	649844	C	T	3
L2.2.AA2	3960979	A	C	3
L2.2.B	803298	C	T	3
L2.2.AA3	197705	G	A	3
L2.2.C	74716	G	C	3
L2.2.D	3812980	G	A	3
L2.2.E	2567122	G	A	3
L2.2.AA4	3542392	G	A	3
L2.2.M6	655559	G	A	3
L2.2.M5	1772288	T	G	3
L2.2.M3	1219683	G	A	3
L2.2.M4	941722	T	G	3
L2.2.M2	15087	C	G	3
L2.2.M1	4215793	A	C	3
L3.1.2	3722702	G	C	3
L3.1.3	645011	C	T	3
L3.5.1	4330870	C	A	3
L4.1.1	514245	C	T	3
L4.1.2	3147742	A	G	3
L4.1.3	1564799	C	T	3
L4.1.4	58786	G	C	3
L4.2.1	783601	A	C	3
L4.2.2	353766	T	C	3
L4.3.1	825585	T	C	3
L4.3.2	3414791	G	C	3
L4.3.3	2077253	G	A	3
L4.3.4	1297327	G	A	3
L4.4.1	2905505	G	A	3
L4.4.2	985287	G	A	3
L4.6.1	4260268	G	C	3
L4.6.2	4260742	G	A	3
L4.6.3	734562	G	A	3
L4.6.4	4236903	G	A	3
L4.6.5	17665	G	A	3
L4.8.1	2914906	G	C	3
L4.8.2	2417281	G	A	3
L4.8.3	616408	C	G	3
L4.9.1	119600	C	G	3
L5.1.1	782398	C	G	3
L5.1.2	1317796	C	T	3
L5.1.3	587305	C	T	3
L5.1.4	2565446	G	A	3
L5.1.5	492769	G	T	3
L6.1.1	276363	C	T	3
L6.1.2	2408442	G	A	3
L6.1.3	2485234	C	T	3
L6.2.1	918646	G	A	3
L6.2.2	1120159	G	A	3
L6.2.3	305707	C	T	3
L6.3.1	2641658	A	C	3
L6.3.2	1588746	C	T	3
L6.3.3	1667070	G	A	3
L1.1.1.1	1750465	T	C	4
L1.1.1.2	2415951	G	A	4
L1.1.1.3	870862	C	T	4
L1.1.1.4	1462580	C	T	4
L1.1.1.5	3831376	G	A	4
L1.1.1.6	1679537	C	G	4
L1.1.1.7	2411421	C	T	4
L1.1.1.8	581990	C	T	4
L1.1.1.9	3091467	G	C	4
L1.1.1.10	1122555	C	T	4
L1.1.1.11	1167274	C	T	4
L1.1.2.2	2622402	G	A	4
L1.1.2.1	518948	C	T	4
L1.1.3.1	403481	C	T	4
L1.1.3.4	285096	G	T	4
L1.1.3.2	2738352	C	T	4
L1.1.3.3	1005488	G	A	4
L1.2.2.1	1808898	C	T	4
L1.2.2.2	4255679	C	T	4
L1.2.2.3	63752	C	T	4
L1.2.2.4	3628694	G	A	4
L1.2.2.5	1797969	C	T	4
Bmyc3	1046620	A	C	4
AA1SA	1003639	G	A	4
L2.2.AA3.1	752134	C	T	4
L2.2.AA3.2	4333325	A	G	4
L2.2.M6.1	1843620	T	C	4
L2.2.M6.2	94915	C	T	4
L2.2.M4.1	1904950	C	T	4
L2.2.M4.2	617750	G	A	4
L2.2.M4.3	1829921	G	T	4
L2.2.M4.4	421187	C	T	4
L2.2.M4.5	2908357	G	A	4
L2.2.M4.6	1558894	T	C	4
L2.2.M4.7	327175	C	G	4
L2.2.M4.8	2780355	G	A	4
L2.2.M4.9	1364706	G	A	4
L2.2.M2.1	4405700	G	C	4
L2.2.M2.2	1399526	C	T	4
L2.2.M2.3	586111	G	A	4
L2.2.M2.4	45829	A	G	4
L2.2.M2.5	2053560	G	A	4
L2.2.M1.1	1947282	A	G	4
L2.2.M1.2	3593078	G	A	4
L2.2.M1.3	28382	G	A	4
L2.2.M1.4	1565767	C	T	4
L3.1.1.1	2110074	C	T	4
L3.1.1.2	4041266	G	T	4
L3.1.3.1	512610	C	T	4
L4.1.1.1	1006080	G	A	4
L4.1.1.2	1109535	G	A	4
L4.1.1.3	4229087	C	T	4
L4.1.2.1	342340	C	T	4
L4.2.1.1	870187	C	T	4
L4.2.2.1	1455780	T	C	4
L4.2.2.2	611463	G	A	4
L4.3.1.1	1647807	T	C	4
L4.3.2.1	784581	G	C	4
L4.3.4.1	1274335	G	A	4
L4.3.4.2	784440	G	T	4
L4.4.1.1	355181	G	A	4
L4.4.1.2	342201	C	G	4
L4.6.1.1	4406749	G	A	4
L4.6.1.2	1098698	C	G	4
L4.6.2.2	2875883	C	T	4
L2.2.M4.9.1	2939372	A	G	5
L2.2.M4.9.2	2841179	G	A	5
lin2.2.1.2	1692069	A	G	5
L4.1.1.3.1	286300	C	A	5
L4.1.2.1.1	2488724	C	G	5
L4.3.4.2.1	225495	T	C	5
L4.4.1.1.1	15036	C	G	5
