Sample	Country of isolation	Total sequences	Sequence length	Average sequence length	%GC	Deduplicated sequences	Reads mapped	%Reads mapped	Average mapping quality	Average coverage depth	Average variant depth	no. of SNPs	level 1	level 2	level 3	level 4	level 5
DRR034399	Japan	1980223.0	35-301	246.8458370597655	64.0	1950220.0	1930389.0	98.98314036365127	30.9	99.28	41.8	1512	L2	L2.2	L2.2.C		
DRR130112	Japan	1414140.0	35-350	265.16557625129053	65.0	1295666.0	1282480.0	98.98229945063002	31.8	70.83000000000003	40.6	1628	L2	L2.2	L2.2.M2	L2.2.M2.1	
DRR130221	Japan	1798558.0	35-350	291.74491676109415	65.0	1752400.0	1739883.0	99.28572243779958	32.0	111.45999999999972	71.5	1578	L2	L2.2	L2.2.C		
DRR188513	Japan	2249971.0	30-350	283.1185984174907	65.0	2184450.0	2165868.0	99.14935109524136	31.3	137.17999999999972	85.9	1563	L2	L2.2	L2.2.A		
DRR188525	Japan	2079338.0	30-350	283.65706489276874	65.0	2007428.0	1993154.0	99.28894087359546	31.4	126.4299999999996	78.0	1578	L2	L2.2	L2.2.A		
DRR188562	Japan	1755131.0	30-350	278.53346559316657	65.0	1697372.0	1685202.0	99.2830092637324	31.3	104.79999999999978	60.7	1553	L2	L2.2	L2.2.AA3	L2.2.AA3.1	
DRR188576	Japan	2474866.0	30-350	282.3159847846308	65.0	2401466.0	2381143.0	99.15372526614992	31.5	151.1699999999999	88.7	919	L4	L4.4	L4.4.2		
DRR188583	Japan	2111542.0	30-350	279.9678415110853	65.0	2030252.0	2014098.0	99.20433522538087	33.0	128.58999999999963	81.6	1531	L2	L2.2	L2.2.AA3	L2.2.AA3.2	
DRR188586	Japan	1985325.0	30-350	281.0386581542065	65.0	1899038.0	1884067.0	99.21165347928792	32.9	121.08999999999968	76.5	1616	L2	L2.2	L2.2.E		
DRR188592	Japan	2645601.0	30-350	285.6947158698534	65.0	2559144.0	2540940.0	99.28866839849574	32.7	164.61	108.5	1627	L2	L2.2	L2.2.M4	L2.2.M4.7	
DRR188593	Japan	1829836.0	30-350	284.31810282451545	65.0	1759376.0	1746738.0	99.28167714007694	32.6	113.23999999999972	69.9	1601	L2	L2.2	L2.2.AA1	Bmyc3	
DRR188607	Japan	1471413.0	30-350	285.61712856961304	65.0	1424890.0	1414597.0	99.2776284485118	31.3	90.3499999999999	54.4	1606	L2	L2.2	L2.2.AA1	Bmyc3	
DRR188612	Japan	1636497.0	30-350	282.33262266903023	65.0	1586942.0	1576309.0	99.3299692112251	31.3	99.45999999999984	60.7	1606	L2	L2.2	L2.2.M2	L2.2.M2.4	
DRR188623	Japan	2116346.0	30-350	283.93378020418214	65.0	2044598.0	2029545.0	99.263767254003	32.7	130.82999999999964	82.4	1574	L2	L2.2	L2.2.E		
DRR188673	Japan	1922589.0	30-350	285.46933535976746	65.0	1865086.0	1852012.0	99.29901355755176	31.1	117.5799999999997	73.1	1594	L2	L2.2	L2.2.AA3	L2.2.AA3.2	
DRR188676	Japan	2026257.0	30-350	285.619944557872	66.0	1952070.0	1940106.0	99.3871121424949	32.7	126.19999999999968	77.7	1643	L2	L2.2	L2.2.M2	L2.2.M2.4	
DRR188679	Japan	1911839.0	30-350	290.62014950003635	65.0	1854290.0	1837574.0	99.0985228847699	31.0	118.77999999999966	77.8	2312	L1	L1.1	L1.1.1	L1.1.1.1	
DRR188685	Japan	1893722.0	30-350	284.5213046054278	66.0	1823058.0	1812013.0	99.39414982957209	32.7	117.58999999999978	68.5	1596	L2	L2.2	L2.2.AA1	Bmyc3	
DRR188699	Japan	2919666.0	30-350	285.7090386366112	65.0	2839430.0	2819779.0	99.30792447780011	30.6	178.12999999999974	100.7	979	L4	L4.5			
DRR188700	Japan	2217870.0	30-350	282.04099699261	65.0	2148502.0	2134763.0	99.3605311980161	30.5	133.3799999999997	80.6	1614	L2	L2.2	L2.2.E		
DRR188723	Japan	2006738.0	30-350	280.3896542548155	65.0	1950060.0	1933275.0	99.13925725362296	30.3	118.7799999999997	71.4	1589	L2	L2.2	L2.2.AA2		
DRR188726	Japan	2086558.0	30-350	278.33262818479045	65.0	2024728.0	2009025.0	99.22443903576185	30.4	122.71999999999966	73.8	1572	L2	L2.2	L2.2.AA1	Bmyc3	
DRR188729	Japan	1593127.0	30-350	274.17104851025687	65.0	1529988.0	1519170.0	99.2929356308677	33.3	95.17999999999986	58.2	1612	L2	L2.2	L2.2.M2	L2.2.M2.4	
DRR188830	Japan	1619246.0	30-350	274.3432202395436	65.0	1553704.0	1541038.0	99.1847868062385	31.6	95.50999999999983	56.3	1553	L2	L2.2	L2.2.AA2		
DRR188832	Japan	1956350.0	30-350	275.3584675543742	65.0	1873304.0	1854519.0	98.99722629108784	31.7	115.65999999999976	62.2	996	L4	L4.5			
DRR188834	Japan	1738013.0	30-350	279.00449996634086	65.0	1668312.0	1651242.0	98.97681009307612	31.5	103.89999999999982	65.8	2273	L1	L1.2	L1.2.2	L1.2.2.1	
DRR188840	Japan	1664976.0	30-350	289.2686417101508	66.0	1612066.0	1604393.0	99.5240269318998	31.0	103.36999999999982	62.7	1668	L2	L2.2	L2.2.M2	L2.2.M2.2	
DRR188874	Japan	1813458.0	30-350	287.71954906041384	65.0	1772002.0	1759896.0	99.31681792684208	30.2	110.50999999999978	65.9	1620	L2	L2.2	L2.2.AA1	Bmyc3	
DRR188883	Japan	2233574.0	30-350	288.024100387988	65.0	2191884.0	2175908.0	99.27112931158766	30.0	136.64999999999998	78.0	920	L4	L4.4	L4.4.2		
DRR188885	Japan	1977247.0	30-350	289.8367942902429	65.0	1917234.0	1907667.0	99.50099987794916	31.0	123.16999999999967	77.1	1613	L2	L2.2	L2.2.M2	L2.2.M2.2	
DRR188890	Japan	2685843.0	30-350	290.794345015699	65.0	2619460.0	2599461.0	99.23652203125836	31.1	167.48	106.4	1571	L3	L3.1	L3.1.3		
DRR188926	Japan	2009095.0	30-350	283.54138554921497	65.0	1947456.0	1932314.0	99.22247280554734	31.0	121.95999999999972	74.9	1639	L2	L2.2	L2.2.M2	L2.2.M2.2	
DRR188947	Japan	2286426.0	30-350	284.98908864752235	65.0	2230390.0	2209792.0	99.07648438165523	32.0	141.18999999999969	93.0	2275	L1	L1.2	L1.2.2	L1.2.2.3	
DRR188970	Japan	2296671.0	30-350	288.9586902085671	65.0	2243320.0	2219850.0	98.95378278622756	31.3	142.64	95.1	2250	L1	L1.2	L1.2.2	L1.2.2.3	
DRR188979	Japan	2408339.0	30-350	286.9474621305389	65.0	2348670.0	2334999.0	99.41792588997176	31.1	148.76999999999984	94.4	1644	L2	L2.2	L2.2.M4	L2.2.M4.6	
DRR188989	Japan	2258799.0	30-350	286.19931211232165	65.0	2198062.0	2179852.0	99.17154293191	29.1	133.88999999999987	83.8	2282	L1	L1.2	L1.2.2	L1.2.2.3	
DRR189004	Japan	1938519.0	30-350	285.02589760533687	65.0	1877722.0	1865382.0	99.3428207157396	30.2	116.74999999999972	70.0	1615	L2	L2.2	L2.2.M3		
DRR189021	Japan	2192164.0	30-350	288.89471681863216	65.0	2125906.0	2113698.0	99.42575071522448	30.8	135.70999999999967	85.2	1597	L2	L2.2	L2.2.A		
DRR189028	Japan	1991953.0	30-350	287.1091105061214	65.0	1924612.0	1911123.0	99.29913146130232	29.8	119.5899999999997	71.6	1609	L2	L2.2	L2.2.M4	L2.2.M4.8	
DRR189031	Japan	2030879.0	30-350	286.60505918865675	65.0	1967054.0	1951178.0	99.1929047194434	29.7	121.89999999999968	72.3	1556	L2	L2.2	L2.2.A		
DRR189046	Japan	1995560.0	30-350	284.98284892461265	65.0	1939380.0	1926075.0	99.3139560065588	33.0	124.66999999999976	82.6	2236	L1	L1.3	L1.3.2		
DRR189054	Japan	2035627.0	30-350	288.86285355814204	65.0	1979532.0	1968376.0	99.43643244969012	32.8	128.86999999999966	83.1	1639	L2	L2.2	L2.2.M3		
DRR189060	Japan	1626148.0	30-350	278.47564428330014	65.0	1557112.0	1548321.0	99.43542917914704	30.6	96.13999999999984	56.0	1562	L2	L2.2	L2.2.A		
DRR189082	Japan	2089397.0	30-350	284.60075227446004	65.0	2027076.0	2014441.0	99.37668839254177	30.9	127.75999999999976	75.7	1084	L4	L4.1	L4.1.1	L4.1.1.3	
DRR189092	Japan	1714619.0	30-350	282.2849274386905	65.0	1667784.0	1654759.0	99.21902356660097	33.5	106.0299999999998	66.8	1627	L2	L2.2	L2.2.M2	L2.2.M2.4	
ERR025420	Netherlands	5737565.0	30-116	111.95316968086637	64.0	5733720.0	5684902.0	99.14858067711712	26.5	127.03999999999996	48.1	957	L4	L4.1	L4.1.2	L4.1.2.1	
ERR025422	Netherlands	4339199.0	30-116	111.9289707616544	64.0	4334746.0	4295381.0	99.09187297248788	26.5	95.95000000000002	35.2	978	L4	L4.1	L4.1.2	L4.1.2.1	
ERR025432	Netherlands	7334888.0	30-116	111.93351391323222	64.0	7327840.0	7080940.0	96.63065787462608	27.3	159.89	67.5	994	L4	L4.2	L4.2.2	L4.2.2.1	
ERR025433	Netherlands	4142386.0	30-116	111.9690724138214	64.0	4140522.0	4092677.0	98.84446936883803	27.2	92.57999999999998	38.8	992	L4	L4.2	L4.2.2	L4.2.2.1	
ERR025435	Netherlands	7007377.0	30-116	111.95607029563271	64.0	7002912.0	6932763.0	98.99828814070489	27.2	156.44999999999993	64.6	987	L4	L4.2	L4.2.2	L4.2.2.1	
ERR025436	Netherlands	4449443.0	30-116	111.96829221095764	65.0	4447402.0	4399172.0	98.9155466494821	27.2	99.49	37.4	978	L4	L4.2	L4.2.2	L4.2.2.1	
ERR025442	Netherlands	4858764.0	30-116	111.93222885491042	64.0	4854100.0	4797453.0	98.83300714859602	26.7	107.36	48.2	2119	L1	L1.2	L1.2.2	L1.2.2.2	
ERR025443	Netherlands	8035078.0	30-116	111.91115406720382	64.0	8024874.0	7937437.0	98.91042526025954	26.7	177.44999999999965	88.3	2127	L1	L1.2	L1.2.2	L1.2.2.2	
ERR036187	Malawi	8293713.0	30-75	74.98240197122809	65.0	8290044.0	8242034.0	99.42087159006635	34.4	135.6699999999998	55.0	865	L4	L4.3	L4.3.4	L4.3.4.1	
ERR036191	Malawi	9868810.0	30-75	74.99040370622193	64.0	9866422.0	8448389.0	85.6276875244136	34.6	138.53000000000026	36.5	354	L4	L4.9	L4.9.1		
ERR036195	Malawi	8747511.0	30-75	74.98330999526608	65.0	8743816.0	8667783.0	99.1304368710412	34.4	142.2100000000003	67.8	1460	L3	L3.1	L3.1.3	L3.1.3.1	
ERR036197	Malawi	6387256.0	30-75	74.93396835824335	65.0	6376550.0	6333673.0	99.32758309744295	34.4	104.03000000000004	43.1	861	L4	L4.3	L4.3.4	L4.3.4.2	L4.3.4.2.1
ERR036209	Malawi	6044150.0	30-75	74.98604452238942	65.0	6042024.0	5995832.0	99.23548797555256	34.5	98.70000000000002	46.5	1455	L3	L3.1	L3.1.3	L3.1.3.1	
ERR036219	Malawi	8548760.0	30-75	74.99404311268535	65.0	8547474.0	8495798.0	99.39542372401483	34.7	139.96000000000024	38.4	358	L4	L4.9	L4.9.1		
ERR036228	Malawi	6626915.0	30-75	74.98350529620495	65.0	6624154.0	6587064.0	99.4400794425975	34.7	108.64999999999992	40.8	839	L4	L4.3	L4.3.4	L4.3.4.2	L4.3.4.2.1
ERR036229	Malawi	7304800.0	30-75	74.98448554375206	65.0	7301932.0	7265543.0	99.5016524393818	34.8	119.79000000000006	43.9	873	L4	L4.4	L4.4.1	L4.4.1.2	
ERR036230	Malawi	7273208.0	30-75	74.98494268278867	65.0	7270454.0	7181454.0	98.77586736674216	34.7	118.17000000000009	59.0	2236	L1	L1.1	L1.1.3	L1.1.3.4	
ERR036243	Malawi	7568188.0	30-75	74.98518403612596	65.0	7565368.0	7481297.0	98.88873878970593	34.8	123.19000000000013	54.8	1431	L3	L3.1	L3.1.1	L3.1.1.1	
ERR036246	Malawi	7390778.0	30-75	74.98569271056444	65.0	7388122.0	7343556.0	99.3967885208176	34.8	121.14000000000006	50.6	863	L4	L4.3	L4.3.4	L4.3.4.2	L4.3.4.2.1
ERR037504	Malawi	14653361.0	30-75	74.98685161718188	65.0	14648466.0	9452861.0	64.53140554103072	34.0	154.9800000000003	39.2	521	L4	L4.9	L4.9.1		
ERR039337	United States of America	16914899.0	75.0	75.0	65.0	16904334.0	16724792.0	98.93789367862703	33.7	278.7100000000003	74.4	840	L4	L4.3	L4.3.1	L4.3.1.1	
ERR040118	Uganda	14539648.0	30-75	74.87235812036165	65.0	14492390.0	14244520.0	98.28965408742106	31.8	229.48999999999947	97.8	1443	L3	L3.3			
ERR046750		9322249.0	75.0	75.0	65.0	9292944.0	9158476.0	98.5530096813238	30.8	148.00999999999974	68.7	2510	M. bovis				
ERR046989	United States of America	6505225.0	75.0	75.0	65.0	6503344.0	6441263.0	99.04539879791074	33.7	106.67999999999986	55.2	2515	M. bovis				
ERR047010	United States of America	7354475.0	75.0	75.0	64.0	7352560.0	7311321.0	99.43912052400796	33.4	122.34000000000007	45.0	842	L4	L4.3	L4.3.1	L4.3.1.1	
ERR1023217	Gambia	5693126.0	125.0	125.0	65.0	5683744.0	5613531.0	98.7646699077228	34.5	158.24999999999991	115.1	2216	L5	L5.1	L5.1.3		
ERR1023219	Gambia	6393468.0	125.0	125.0	65.0	6384460.0	6311149.0	98.85172747577712	34.7	177.88000000000045	133.7	2369	L6	L6.3	L6.3.3		
ERR1023224	Gambia	5933498.0	125.0	125.0	65.0	5923522.0	5855724.0	98.85544444673288	34.4	164.8	118.1	2251	L5	L5.1	L5.1.2		
ERR1023225	Gambia	5473290.0	125.0	125.0	65.0	5465072.0	5399700.0	98.8038217977732	34.5	152.34000000000017	111.8	2383	L6	L6.1	L6.1.1		
ERR1023226	Gambia	5791300.0	125.0	125.0	65.0	5783634.0	5714543.0	98.8054050446484	34.4	161.11000000000047	118.2	2358	L6	L6.2	L6.2.3		
ERR1023227	Gambia	5492152.0	125.0	125.0	65.0	5484158.0	5419027.0	98.81237922029234	34.4	152.7700000000002	111.9	2340	L6	L6.1	L6.1.2		
ERR1023229	Gambia	5776120.0	125.0	125.0	65.0	5768208.0	5699637.0	98.81122525401304	34.5	160.79000000000045	118.7	2338	L6	L6.1	L6.1.3		
ERR1023230	Gambia	5525222.0	125.0	125.0	65.0	5517192.0	5449660.0	98.77597154494534	34.4	153.66000000000045	113.2	2378	L6	L6.1	L6.1.3		
ERR1023232	Gambia	5906819.0	125.0	125.0	65.0	5899042.0	5832785.0	98.8768176256416	34.6	164.5000000000005	121.8	2361	L6	L6.2	L6.2.3		
ERR1023244	Gambia	5421081.0	125.0	125.0	65.0	5413870.0	5352012.0	98.8574162290561	34.5	150.84000000000032	112.0	2342	L6	L6.1	L6.1.2		
ERR1023281	Gambia	6557317.0	125.0	125.0	65.0	6548502.0	6468323.0	98.77561310968524	34.5	182.2000000000008	135.1	2371	L6	L6.2	L6.2.2		
ERR1023285	Gambia	5902773.0	125.0	125.0	65.0	5893782.0	5829601.0	98.91103878630054	34.6	164.25000000000043	122.0	2355	L6	L6.3	L6.3.3		
ERR1023288	Gambia	7037948.0	125.0	125.0	65.0	7028138.0	6949311.0	98.87840847746588	34.7	195.7600000000004	147.1	2352	L6	L6.3	L6.3.3		
ERR1023293	Gambia	6035358.0	125.0	125.0	65.0	6026424.0	5958624.0	98.8749546995034	34.5	167.9900000000005	124.0	2370	L6	L6.1	L6.1.2		
ERR1035290	Brazil	5381370.0	101.0	101.0	65.0	5352352.0	5311776.0	99.2419033725734	32.7	119.88999999999972	52.9	909	L4	L4.6	L4.6.4		
ERR1035303	Brazil	5985438.0	101.0	101.0	64.0	5944692.0	5892358.0	99.1196516152561	31.6	132.55999999999983	34.2	913	L4	L4.6	L4.6.4		
ERR108132	South Africa	5406124.0	30-100	99.7789040724926	65.0	5385890.0	5365009.0	99.61230177370872	38.0	119.32999999999986	65.2	924	L4	L4.3	L4.3.2	L4.3.2.1	
ERR108134	South Africa	4652560.0	30-100	99.81760106264078	65.0	4638268.0	4612445.0	99.4432620107333	37.9	102.99000000000004	58.8	931	L4	L4.3	L4.3.2	L4.3.2.1	
ERR108135	South Africa	4831484.0	30-100	99.9554853125872	65.0	4827848.0	4798936.0	99.4011410466941	38.0	106.97999999999983	62.5	1008	L4	L4.1	L4.1.1	L4.1.1.3	
ERR108137	South Africa	4629092.0	30-100	99.79997718775086	65.0	4613500.0	4579268.0	99.258003684838	38.0	102.00000000000006	57.8	998	L4	L4.1	L4.1.2		
ERR108139	South Africa	4652728.0	30-100	99.91362271768304	65.0	4645952.0	4618858.0	99.41682565812133	37.8	102.99000000000004	58.0	899	L4	L4.4	L4.4.1	L4.4.1.1	L4.4.1.1.1
ERR108141	South Africa	4536036.0	30-100	99.74664751337951	65.0	4516656.0	4494305.0	99.50514274277252	37.9	99.98999999999984	50.2	600	L4	L4.7			
ERR108148	South Africa	4533207.0	30-100	99.90768830984334	65.0	4526188.0	4499699.0	99.4147613841935	37.9	100.02999999999986	62.6	1562	L2	L2.2	L2.2.M4	L2.2.M4.8	
ERR1082136	Ghana	6534676.0	125.0	125.0	65.0	6502522.0	6450749.0	99.20380123281396	35.0	181.38000000000048	131.2	2368	L6	L6.3	L6.3.2		
ERR1193645	Vietnam	12525582.0	30-101	99.9333990228957	64.0	12511483.0	11621745.0	92.88862879004832	33.2	139.08999999999975	65.0	854	L4	L4.3	L4.3.1		
ERR1193667	East Timor	2316586.0	30-251	248.1454416110604	61.0	2282316.0	2262997.0	99.15353526856052	29.8	100.12999999999998	30.1	900	L4	L4.3	L4.3.4	L4.3.4.1	
ERR1193682	Switzerland	2625982.0	30-251	248.5347070162705	61.0	2592562.0	2575526.0	99.34288938895192	31.4	112.81999999999994	33.9	885	L4	L4.3	L4.3.1		
ERR1193707	Mozambique	2929666.0	30-251	241.13075825025788	60.0	2774518.0	2690265.0	96.96332840515	29.8	113.55999999999985	38.8	899	L4	L4.3	L4.3.3		
ERR1193713	Gambia	4870872.0	30-101	99.56823254645164	64.0	4835184.0	4736208.0	97.95300447718226	32.8	102.86000000000004	34.3	918	L4	L4.3	L4.3.4	L4.3.4.1	
ERR1193714	Gambia	6359627.0	30-101	99.83864934217054	62.0	6342400.0	4909550.0	77.4083942986882	33.8	99.87000000000003	30.6	922	L4	L4.3	L4.3.4	L4.3.4.1	
ERR1193740	Portugal	2566340.0	30-251	247.114008666038	61.0	2514880.0	2501447.0	99.46585920600586	31.3	115.22999999999996	37.6	956	L4	L4.3	L4.3.4	L4.3.4.1	
ERR1193747	South Africa	4125398.0	30-100	99.94574293195468	65.0	4121644.0	4104538.0	99.58497143372888	34.9	91.33999999999992	48.3	946	L4	L4.3	L4.3.3		
ERR1193754	South Africa	4543830.0	30-100	99.922032294342	65.0	4537884.0	4506656.0	99.31183785217956	34.9	100.44000000000004	53.7	933	L4	L4.3	L4.3.2	L4.3.2.1	
ERR1193759	Kenya	6299089.0	30-101	99.38849443149635	65.0	6233196.0	6140547.0	98.51361965835824	33.6	116.64999999999998	40.1	911	L4	L4.3	L4.3.4	L4.3.4.2	L4.3.4.2.1
ERR1193761	Kenya	7248255.0	30-101	99.21050128617163	65.0	7150462.0	7052833.0	98.6346476633258	33.3	133.1499999999998	45.3	892	L4	L4.3	L4.3.1		
ERR1193764	Nepal	7380107.0	30-101	99.16956380171725	66.0	7275282.0	7204622.0	99.02876617016358	33.0	141.43000000000012	45.2	902	L4	L4.3	L4.3.4	L4.3.4.2	
ERR1193772	Portugal	6226165.0	30-101	99.02234007611428	64.0	6122114.0	6032255.0	98.53222269301094	32.4	129.63000000000008	45.1	920	L4	L4.3	L4.3.4	L4.3.4.2	
ERR1193773	Portugal	6908865.0	30-101	99.49906967352814	64.0	6850042.0	6758743.0	98.6671760552709	32.6	146.31000000000014	48.3	923	L4	L4.3	L4.3.2		
ERR1193778	Portugal	5660403.0	30-101	99.4406126206915	64.0	5606582.0	5516248.0	98.38878660831143	32.4	120.12999999999997	39.8	898	L4	L4.3	L4.3.4	L4.3.4.2	
ERR1193782	Portugal	6155168.0	30-101	99.68558193699994	64.0	6122296.0	5981853.0	97.7060403482615	31.4	128.8499999999999	41.1	880	L4	L4.3	L4.3.3		
ERR1193800	Nepal	5740171.0	30-101	99.73963145000384	64.0	5715366.0	5652014.0	98.8915495525571	33.4	123.85999999999991	38.5	909	L4	L4.3	L4.3.3		
ERR1193825	Morocco	8906905.0	30-101	98.9791870464544	65.0	8752504.0	8701004.0	99.41159695556836	33.9	184.5900000000005	60.3	894	L4	L4.3	L4.3.1		
ERR1193835	Brazil	2294904.0	30-301	287.4006285230232	65.0	2256878.0	2245512.0	99.49638394277405	32.4	142.92999999999978	58.1	890	L4	L4.3	L4.3.4	L4.3.4.2	
ERR1193838	Portugal	6067121.0	30-101	99.43860292220972	64.0	6009372.0	5963529.0	99.23714158484448	34.0	131.14	42.7	908	L4	L4.3	L4.3.4	L4.3.4.2	
ERR1193840	Germany	5458122.0	30-101	99.13020449158154	65.0	5377658.0	5344961.0	99.39198439171848	33.6	116.57999999999991	35.4	893	L4	L4.3	L4.3.3		
ERR1193888	Eswatini	1676049.0	30-301	284.18475593493986	65.0	1652312.0	1640004.0	99.2551043628564	32.6	102.75999999999998	40.8	952	L4	L4.3	L4.3.2	L4.3.2.1	
ERR1198995	Uganda	32701496.0	30-51	50.999881106356725	64.0	32701305.0	32343368.0	98.90543511948528	35.9	85.91000000000005	38.2	693	L4	L4.6	L4.6.1	L4.6.1.1	
ERR1199006	Uganda	27069084.0	30-51	50.999957885534656	64.0	27069028.0	26370129.0	97.41808608716944	34.8	92.0799999999998	34.8	690	L4	L4.6	L4.6.1	L4.6.1.1	
ERR1199023	Uganda	14049836.0	30-51	50.9999210666943	64.0	14049782.0	13856706.0	98.62577227176904	35.2	70.51999999999991	21.7	701	L4	L4.6	L4.6.1	L4.6.1.1	
ERR1199030	Uganda	18625393.0	30-51	50.99988279441943	64.0	18625286.0	18151940.0	97.45858399167668	36.1	84.08000000000004	31.7	726	L4	L4.6	L4.6.1	L4.6.1.1	
ERR1199103	Democratic Republic of the Congo	3533818.0	30-151	149.06299277438737	65.0	3516732.0	3466889.0	98.5826898381793	32.7	111.16999999999996	44.4	825	L4	L4.6	L4.6.1	L4.6.1.2	
ERR1199108	Democratic Republic of the Congo	4078415.0	30-151	149.47987980624825	65.0	4062236.0	4012059.0	98.7647935767395	32.6	128.6599999999999	51.5	830	L4	L4.6	L4.6.1	L4.6.1.2	
ERR1199111	Democratic Republic of the Congo	5047490.0	30-151	147.6886129541614	65.0	5019504.0	4947106.0	98.55766625547064	32.3	156.60000000000022	62.0	858	L4	L4.6	L4.6.1	L4.6.1.2	
ERR1199115	Democratic Republic of the Congo	5314543.0	30-151	149.16265217912434	65.0	5293774.0	5226684.0	98.7326621801384	32.8	166.93000000000004	68.6	832	L4	L4.6	L4.6.1	L4.6.1.2	
ERR1199125	Uganda	11565207.0	30-83	81.96076559632698	65.0	11555236.0	11508491.0	99.59546477458358	33.4	210.18000000000004	74.8	792	L4	L4.6	L4.6.1	L4.6.1.1	
ERR1199137	Uganda	5004632.0	30-100	99.32246287039686	65.0	4947116.0	4907885.0	99.20699251846936	32.3	107.16999999999994	31.2	816	L4	L4.6	L4.6.1	L4.6.1.2	
ERR1203060	Ghana	4907418.0	125.0	125.0	65.0	4879062.0	4771326.0	97.79187065054715	35.7	133.96999999999974	95.6	2213	L5	L5.1	L5.1.2		
ERR1203062	Ghana	5656686.0	125.0	125.0	65.0	5621032.0	5560903.0	98.9302853995494	35.7	156.10000000000025	112.8	2358	L6	L6.2	L6.2.3		
ERR1203066	Ghana	4873367.0	125.0	125.0	65.0	4854610.0	4806565.0	99.01032214740216	35.4	135.08999999999975	96.1	2246	L5	L5.1	L5.1.2		
ERR1203069	Ghana	4406408.0	125.0	125.0	65.0	4397344.0	4355598.0	99.05065421308863	35.2	122.76999999999968	88.2	2247	L5	L5.1	L5.1.4		
ERR1203070	Ghana	4308755.0	125.0	125.0	65.0	4292766.0	4254847.0	99.11667675340328	35.2	119.43999999999976	85.2	2279	L5	L5.1	L5.1.5		
ERR1203077	Ghana	5189657.0	125.0	125.0	65.0	5165590.0	5114397.0	99.0089612222418	35.3	143.8099999999998	102.3	2235	L5	L5.1	L5.1.4		
ERR1213855	South Korea	6506229.0	101.0	101.0	64.0	6330646.0	6279674.0	99.19483730412348	33.2	139.87999999999997	56.9	1567	L2	L2.2	L2.2.M4	L2.2.M4.1	
ERR1334040	Gambia	5586789.0	125.0	125.0	65.0	5578594.0	5534734.0	99.21378038982584	33.9	155.7000000000004	116.5	2360	L6	L6.3	L6.3.3		
ERR1334051	Ghana	4272116.0	125.0	125.0	65.0	4247594.0	4197049.0	98.8100322205936	34.4	117.71999999999976	84.0	2279	L5	L5.1	L5.1.5		
ERR1462588	Germany	26626968.0	100.0	100.0	64.0	26598720.0	25859228.0	97.21982110417343	35.5	562.5200000000056	322.2	2625	M. caprae				
ERR1462589	Germany	27183366.0	100.0	100.0	64.0	27154248.0	25728026.0	94.74770209066368	35.1	556.6500000000063	318.6	2649	M. caprae				
ERR1462596	Germany	28119417.0	100.0	100.0	65.0	28087616.0	27568213.0	98.15077577249704	35.3	597.1100000000075	350.7	2652	M. caprae				
ERR1465732	Switzerland	7392595.0	30-101	99.5226929109467	64.0	7332700.0	7216940.0	98.42131820475404	31.6	155.24000000000024	50.7	987	L4	L4.1	L4.1.2	L4.1.2.1	
ERR1465736		6363489.0	30-101	99.0404788945184	65.0	6259460.0	6182174.0	98.7652928527381	32.3	128.30999999999986	40.9	992	L4	L4.1	L4.1.2		
ERR1465740	Ivory Coast	5271760.0	30-101	98.29739859174164	64.0	5119356.0	5067403.0	98.9851653215756	32.7	102.32999999999988	33.9	988	L4	L4.1	L4.1.2	L4.1.2.1	
ERR1465749	Hungary	5881913.0	30-101	99.51424851064613	64.0	5833378.0	5764585.0	98.8207004586365	33.1	126.56999999999992	43.1	990	L4	L4.1	L4.1.2	L4.1.2.1	
ERR1465868		7748371.0	30-101	99.7530520931432	64.0	7716318.0	7660879.0	99.28153557175844	32.7	165.53000000000023	43.4	575	L4	L4.7			
ERR1465885		2217056.0	30-301	285.9926943658618	65.0	2184744.0	2170953.0	99.3687589941888	32.0	137.40000000000006	47.9	598	L4	L4.7			
ERR1465948	Switzerland	7849911.0	30-101	99.345856277861	65.0	7762450.0	7671620.0	98.82987974157643	32.4	161.63000000000022	51.9	642	L4	L4.7			
ERR1465962	Macedonia	10034084.0	30-101	99.55587475648	64.0	9958446.0	9886684.0	99.27938555875085	33.9	209.09000000000003	63.6	635	L4	L4.8	L4.8.1		
ERR1633775	South Africa	3782760.0	30-100	99.9318312554854	65.0	3778422.0	3758467.0	99.47186947355272	35.0	83.95000000000005	43.5	888	L4	L4.4	L4.4.1	L4.4.1.1	L4.4.1.1.1
ERR1633802	China	4104655.0	30-100	99.94943058551814	65.0	4101164.0	4073160.0	99.31716946700986	34.9	90.77999999999996	50.0	1012	L4	L4.1	L4.1.1	L4.1.1.3	
ERR1633841	China	4155956.0	30-100	99.94488343957444	65.0	4152096.0	4126439.0	99.38207112744983	34.9	92.04000000000003	50.7	1033	L4	L4.1	L4.1.2		
ERR1633852	South Africa	4263360.0	30-100	99.95240279966974	65.0	4259940.0	4222345.0	99.11747583299297	34.9	94.02000000000004	58.7	2236	L1	L1.3	L1.3.1		
ERR1633866	South Africa	4051838.0	30-100	99.94599290494833	65.0	4048178.0	4014868.0	99.17716068809229	34.9	89.42000000000004	55.5	2215	L1	L1.3	L1.3.2		
ERR1633867	South Africa	4173450.0	30-100	99.9592140794786	65.0	4170566.0	4142780.0	99.33375949451464	34.9	92.34	50.7	1089	L4	L4.1	L4.1.1	L4.1.1.2	
ERR1633877	China	4985181.0	30-100	99.94640876630156	65.0	4980682.0	4948267.0	99.3491855131486	34.8	110.32000000000004	59.7	955	L4	L4.3	L4.3.2	L4.3.2.1	
ERR1633883	South Africa	4330627.0	30-100	99.69566485407309	67.0	4308302.0	4283297.0	99.4196089317787	34.6	95.04	26.3	1065	L4	L4.1	L4.1.1	L4.1.1.3	
ERR1633899	South Africa	3742746.0	30-100	99.40848991622728	67.0	3705156.0	3685449.0	99.46811956095776	34.4	81.62999999999997	27.9	898	L4	L4.4	L4.4.1	L4.4.1.1	L4.4.1.1.1
ERR1633929	South Africa	4188791.0	30-100	99.92180894200736	65.0	4183262.0	4162492.0	99.503497509838	34.8	92.5699999999999	42.9	617	L4	L4.8	L4.8.1		
ERR171128	South Africa	6237680.0	30-100	99.92491695630429	65.0	6229792.0	6141017.0	98.57499255191826	34.6	136.24	81.2	1522	L3	L3.1	L3.1.1	L3.1.1.1	
ERR171129	South Africa	4538344.0	30-100	99.93712067661684	65.0	4533560.0	4502996.0	99.32582782625576	34.5	99.96000000000004	58.2	1524	L3	L3.1	L3.1.1	L3.1.1.1	
ERR171146	South Africa	7580720.0	30-100	99.96293307232033	65.0	7576006.0	7545332.0	99.59511647694048	34.6	167.00999999999996	82.5	637	L4	L4.8	L4.8.1		
ERR171147	South Africa	3764091.0	30-100	99.96237710512312	65.0	3761720.0	3746909.0	99.60627053581872	34.6	83.13999999999996	39.1	626	L4	L4.8	L4.8.1		
ERR1750878	South Africa	5431481.0	30-100	99.46202628712132	66.0	5381856.0	5230772.0	97.1927156728088	33.3	115.67999999999968	55.5	917	L4	L4.3	L4.3.4	L4.3.4.2	L4.3.4.2.1
ERR1750880	Zimbabwe	10740182.0	30-100	99.44276232935346	66.0	10638290.0	10162720.0	95.52963869193265	33.2	221.72999999999988	106.4	908	L4	L4.4	L4.4.1	L4.4.1.1	L4.4.1.1.1
ERR1750881	Zimbabwe	4923272.0	30-100	99.8113774741676	67.0	4907720.0	4566633.0	93.04999062701214	32.8	100.23999999999984	34.9	1012	L4	L4.1	L4.1.1	L4.1.1.3	
ERR1750910	South Africa	7456418.0	30-100	99.64307821798616	65.0	7411520.0	7224801.0	97.48069221967964	33.5	159.93000000000006	78.3	1048	L4	L4.1	L4.1.1	L4.1.1.2	
ERR1750937	South Africa	5355066.0	30-100	97.71042859229	64.0	5147244.0	4746565.0	92.21565948690213	32.5	104.44999999999996	42.3	888	L4	L4.4	L4.4.1	L4.4.1.1	
ERR181314	Djibouti	15205820.0	76.0	76.0	66.0	15200606.0	14928408.0	98.20929507678838	31.4	249.72	66.3	2124	L9				
ERR181315	Somalia	9225030.0	75.0	75.0	65.0	9217988.0	8329958.0	90.36633590757548	22.2	127.32999999999991	24.3	2158	L9				
ERR181435	Djibouti	19330668.0	101.0	101.0	64.0	19304742.0	18606933.0	96.3852974569668	32.8	421.8500000000034	222.1	2184	L7				
ERR1873415	South Africa	5790484.0	30-101	99.82244696643666	64.0	5773172.0	5685076.0	98.47404511765802	34.1	119.41000000000004	34.7	1560	L2	L2.2	L2.2.M4	L2.2.M4.4	
ERR1873433	South Africa	7602548.0	30-101	99.83664687154884	62.0	7581710.0	7021269.0	92.6079868525702	34.2	156.01999999999992	33.4	880	L4	L4.4	L4.4.1	L4.4.1.1	
ERR1873454	South Africa	5115101.0	30-100	99.86995682001196	64.0	5104058.0	4845256.0	94.92948551916923	30.9	102.31999999999996	36.0	1546	L2	L2.2	L2.2.AA1	 AA1SA	
ERR1873471	South Africa	6503278.0	30-101	99.9378325822762	64.0	6496498.0	6170881.0	94.9878072770899	34.1	138.27999999999983	70.1	1539	L2	L2.2	L2.2.M4	L2.2.M4.4	
ERR1873477	South Africa	4666893.0	30-100	99.87928628318669	64.0	4657558.0	4542355.0	97.52653643819356	31.3	89.02000000000005	33.8	1561	L2	L2.2	L2.2.M4	L2.2.M4.8	
ERR1873491	South Africa	5724715.0	30-101	99.93781908793711	64.0	5718752.0	5384468.0	94.1545987656048	34.1	120.32000000000008	62.4	1571	L2	L2.2	L2.2.M4	L2.2.M4.4	
ERR1873499	South Africa	5432201.0	30-101	99.92591032621952	64.0	5425428.0	5381446.0	99.18933584594616	34.3	114.77999999999996	56.4	1526	L2	L2.2	L2.2.M4	L2.2.M4.4	
ERR1873519	South Africa	5566674.0	30-101	99.93324380051716	64.0	5560438.0	5402462.0	97.15892884697212	34.8	121.34000000000005	61.0	1475	L2	L2.2	L2.2.AA1	 AA1SA	
ERR1873523	South Africa	8925061.0	30-101	99.94263971977334	63.0	8916486.0	8109531.0	90.94985401199531	33.7	181.51999999999967	89.8	1479	L2	L2.2	L2.2.AA1	 AA1SA	
ERR1873525	South Africa	3593466.0	30-100	99.85934971974132	65.0	3585084.0	3506379.0	97.80465394953087	30.5	74.99999999999996	28.5	1494	L2	L2.2	L2.2.AA1	 AA1SA	
ERR1873535	South Africa	6923331.0	30-101	99.9495835169516	63.0	6917456.0	6312642.0	91.25669899454364	33.7	140.69999999999976	67.2	1530	L2	L2.2	L2.2.M4	L2.2.M4.4	
ERR1873553	South Africa	4747034.0	30-100	99.92158766926886	64.0	4740852.0	4566601.0	96.3244792286281	30.6	98.31999999999992	37.7	1530	L2	L2.2	L2.2.AA1	 AA1SA	
ERR190355	Malawi	4570568.0	100.0	100.0	65.0	4566178.0	4538201.0	99.3872994000672	35.2	102.05999999999992	58.6	857	L4	L4.6	L4.6.2		
ERR1971852	Ethiopia	2426386.0	301.0	301.0	65.0	2412810.0	2385414.0	98.86456040881794	31.0	154.16000000000025	113.1	2311	L7				
ERR1971872	Ethiopia	2668111.0	301.0	301.0	65.0	2653552.0	2562040.0	96.55133948760002	33.6	170.4600000000006	129.2	2259	L7				
ERR2145493	Saudi Arabia	5585882.0	30-100	99.92724121275744	64.0	5579130.0	5288862.0	94.7972533351974	30.1	116.12000000000012	50.7	1464	L3	L3.5	L3.5.1		
ERR2145502	Saudi Arabia	5320909.0	30-100	99.93213791102237	64.0	5314878.0	5131016.0	96.54061673664005	29.9	113.90000000000012	51.4	1452	L3	L3.2			
ERR2145503	Saudi Arabia	8356581.0	30-100	99.93751846598508	64.0	8347862.0	8135730.0	97.45884634892144	29.9	180.3199999999995	81.7	1422	L3	L3.2			
ERR2145508	Saudi Arabia	5818056.0	30-100	99.937893688201	63.0	5812024.0	5418723.0	93.23297701454776	29.9	120.49000000000012	53.9	1461	L3	L3.3			
ERR2145514	Saudi Arabia	5621301.0	30-100	99.95714266145862	64.0	5617262.0	5505235.0	98.00566539356718	29.7	121.77999999999996	58.8	2152	L1	L1.3	L1.3.2		
ERR229952	Russia	4141124.0	100.0	100.0	65.0	4131366.0	4096436.0	99.15451693217209	35.0	90.38000000000002	60.1	2482	M. bovis				
ERR233348	Ethiopia	6693701.0	30-51	50.99985971886106	64.0	6693655.0	6115844.0	91.36778038306426	33.4	48.04000000000002	10.1	718	L4	L4.6	L4.6.3		
ERR233354	Ethiopia	9834672.0	30-51	50.99983548002415	64.0	9834593.0	9549267.0	97.09875131589077	34.0	59.71999999999998	19.3	1997	L7				
ERR234106	Ghana	5688917.0	30-108	107.95213816619228	64.0	5684782.0	5612815.0	98.7340411646392	25.2	132.82999999999984	64.6	2231	L6	L6.3	L6.3.2		
ERR234113	Ghana	3319040.0	30-108	107.91370155225609	63.0	3314640.0	2935496.0	88.56153307749861	25.0	68.32999999999993	28.5	2175	L5	L5.1	L5.1.1		
ERR234132	China	7268541.0	30-115	113.76083811042685	65.0	7243730.0	7204923.0	99.46426771842684	30.1	181.1199999999997	59.5	1489	L2	L2.2	L2.2.D		
ERR234136	China	5995932.0	30-115	113.6569750957816	66.0	5966186.0	5913838.0	99.12258853478588	26.3	142.96999999999983	42.5	1492	L2	L2.2	L2.2.E		
ERR234142	Ghana	6610970.0	30-100	99.95774326611678	65.0	6606292.0	6481628.0	98.11295050233927	23.8	128.35	19.2	2086	L5	L5.1	L5.1.1		
ERR234143	Ghana	5763009.0	30-100	99.95777691827308	65.0	5758904.0	5668733.0	98.43423331939547	24.3	110.95999999999998	21.6	2152	L5	L5.1	L5.1.1		
ERR234144	Ghana	6992682.0	30-100	99.96992312820744	65.0	6989172.0	6873674.0	98.34747234722512	23.4	134.28999999999996	22.6	2086	L5	L5.1	L5.1.1		
ERR234145	Ghana	5105517.0	30-100	99.88863576401764	64.0	5095910.0	4995740.0	98.03430594339382	24.2	97.71	14.4	2095	L5	L5.1	L5.1.4		
ERR234147	Ghana	6882734.0	30-100	99.96385825748897	66.0	6878572.0	6756107.0	98.21961593191143	24.1	133.33999999999995	30.7	2179	L5	L5.1	L5.1.1		
ERR234148	Ghana	7363218.0	30-100	99.9743902733832	66.0	7360052.0	7242371.0	98.40108466624964	23.1	141.00000000000009	32.0	2258	L6	L6.3	L6.3.1		
ERR234150	Ghana	5283935.0	30-100	99.9609276041435	65.0	5280436.0	5199552.0	98.46823254746388	24.0	101.94	19.5	2239	L6	L6.3	L6.3.1		
ERR234153	Eritrea	7028875.0	30-100	99.94746015543028	64.0	7022662.0	6935270.0	98.75557160518332	26.0	140.36	17.8	1420	L3	L3.5	L3.5.1		
ERR234155	Germany	6944508.0	30-108	107.95191250409675	65.0	6939468.0	6882300.0	99.17619045148706	28.1	157.98999999999975	77.1	2155	L1	L1.1	L1.1.1	L1.1.1.9	
ERR234156	Germany	4957466.0	30-108	107.9512940683809	65.0	4953802.0	4911632.0	99.14873464865975	28.3	113.39999999999988	53.5	2094	L1	L1.1	L1.1.1	L1.1.1.3	
ERR234158	Iran	5061315.0	30-100	99.90111976828156	65.0	5052828.0	4987496.0	98.70702109788814	25.1	96.95000000000005	12.0	1396	L3	L3.1	L3.1.1	L3.1.1.2	
ERR234160	Ghana	4903826.0	30-108	107.915428891645	64.0	4897534.0	4863322.0	99.30144435954912	28.4	112.37999999999998	44.8	2118	L5	L5.1	L5.1.4		
ERR234168	Germany	4553451.0	30-108	107.9476186303531	65.0	4549786.0	4515363.0	99.24341496501154	28.2	103.92999999999996	35.6	1405	L3	L3.2			
ERR234169	Germany	5100550.0	30-100	99.9204552450226	65.0	5093610.0	5008922.0	98.33736780004752	26.1	102.47	19.9	2098	L1	L1.1	L1.1.2	L1.1.2.2	
ERR234176	Ghana	6745970.0	30-108	107.92282948189808	65.0	6738062.0	6690097.0	99.2881484319972	28.4	154.58999999999986	70.2	2110	L5	L5.1	L5.1.4		
ERR234181	Germany	5156658.0	30-108	107.93910397005192	65.0	5151862.0	5112337.0	99.23280165501328	28.2	117.47	49.6	1477	L3	L3.6			
ERR234184	Ghana	2441856.0	30-108	107.939927661582	64.0	2439636.0	2420939.0	99.2336151786578	28.5	56.26	21.4	2283	L6	L6.3	L6.3.1		
ERR234186	Ghana	4589743.0	30-108	107.19711931583096	66.0	4533272.0	4505477.0	99.38686670466716	28.4	102.86	29.8	2219	L6	L6.3	L6.3.2		
ERR234188	Germany	5930925.0	30-100	99.95915240877268	65.0	5926848.0	5853735.0	98.76641007159286	24.7	115.53000000000002	16.2	1345	L3	L3.6			
ERR234191	Germany	5060373.0	30-108	107.94878756961197	65.0	5056470.0	5011911.0	99.11877258245376	28.3	115.45000000000005	59.3	2161	L1	L1.3	L1.3.2		
ERR234192	Germany	5799288.0	30-108	107.92912129902844	65.0	5793006.0	5762725.0	99.47728346906597	28.1	132.40999999999997	51.2	1407	L3	L3.1	L3.1.2		
ERR234194	Germany	5475923.0	30-108	107.95951951844464	65.0	5472572.0	5429281.0	99.20894599468038	28.3	125.06999999999998	51.9	2148	L1	L1.1	L1.1.1	L1.1.1.11	
ERR234195	Turkmenistan	6405726.0	30-100	99.94505322269482	65.0	6399772.0	6313473.0	98.6515300857593	25.2	125.63999999999992	23.7	1481	L3	L3.6			
ERR234197	Germany	6413609.0	30-108	107.83706677472856	65.0	6397554.0	6345457.0	99.1856731494568	28.4	146.6499999999998	69.7	2165	L1	L1.1	L1.1.3	L1.1.3.1	
ERR234199	Ghana	7066767.0	30-108	107.92941383237908	65.0	7059176.0	6984859.0	98.94722840172848	28.3	160.40999999999977	74.0	2134	L5	L5.1	L5.1.2		
ERR234204	Ghana	3277114	30-108	107.754222770401	65	3264796	3200165	98.020366356734	28.2	72.51	61.6	2141	L5	L5.3			
ERR234214	United States of America	4821705.0	30-108	107.78130308677116	64.0	4805666.0	4689059.0	97.57355171999052	28.0	107.18999999999998	25.1	2117	L1	L1.2	L1.2.2	L1.2.2.2	
ERR234228	United States of America	8455187.0	30-108	107.96296829390052	62.0	8450382.0	6978432.0	82.5812608234752	26.0	160.4299999999998	26.7	556	L4	L4.7			
ERR234237	Gambia	6926245.0	30-100	99.97343062510784	65.0	6923144.0	6689242.0	96.62144828996767	25.9	135.21000000000006	30.4	2115	L1	L1.1	L1.1.2	L1.1.2.2	
ERR234254	Gambia	8096278.0	30-108	107.93011282468316	65.0	8087694.0	8010195.0	99.04176641697867	25.9	190.7899999999996	98.7	2349	L6	L6.1	L6.1.1		
ERR234255	Gambia	6878872.0	30-108	107.93945518974624	64.0	6872570.0	6800553.0	98.95210961838148	25.8	161.89999999999984	76.7	2224	L6	L6.1	L6.1.2		
ERR234257	Netherlands	7108889.0	30-108	107.87351975815068	64.0	7095036.0	7013285.0	98.8477718788178	25.3	166.0699999999999	79.4	2318	L6	L6.3	L6.3.1		
ERR234261	Gambia	8696636.0	108.0	108.0	65.0	8685416.0	8589893.0	98.9001908486594	25.6	205.8400000000001	92.4	2224	L6	L6.1	L6.1.3		
ERR234272	United Kingdom	6039846.0	30-108	107.93436587621603	65.0	6033880.0	5779796.0	95.78904452856204	25.2	136.85000000000008	66.1	2060	L1	L1.2	L1.2.1		
ERR234676	Russia	7182514.0	100.0	100.0	65.0	7173220.0	7134368.0	99.45837434234556	35.2	158.01999999999973	110.7	2711	M. orygis				
ERR234678	Russia	6186851.0	100.0	100.0	65.0	6181920.0	6134061.0	99.22582304526748	35.2	137.71999999999997	94.0	2397	L6	L6.2	L6.2.2		
ERR234679	Russia	6750099.0	100.0	100.0	65.0	6743454.0	6694921.0	99.2802946383263	35.1	150.33999999999986	102.1	2197	L5	L5.1	L5.1.3		
ERR2383620	Cameroon	7355199.0	100.0	100.0	65.0	7326364.0	7258941.0	99.07972085471046	38.1	162.9700000000002	87.7	2241	L5	L5.2			
ERR2383624		4165504.0	35-255	226.2900575776665	64.0	4133322.0	4054787.0	98.0999544676171	32.2	199.5899999999999	96.2	2182	L5	L5.2			
ERR2383626		3944193.0	35-255	230.9287068355935	64.0	3893736.0	3834247.0	98.4721871231126	32.3	191.5499999999999	94.4	2240	L5	L5.2			
ERR245742	Malawi	8299992.0	30-75	74.97855311185842	65.0	8295442.0	8208122.0	98.9473737505488	33.4	134.0699999999998	62.3	2124	L1	L1.1	L1.1.2	L1.1.2.2	
ERR245751	Malawi	5574783.0	30-75	74.99019621032782	65.0	5573370.0	5513886.0	98.9327103709246	33.4	90.19000000000004	43.0	2086	L1	L1.3	L1.3.1		
ERR245753	Malawi	8023762.0	30-75	74.98705220817865	65.0	8021148.0	7964823.0	99.29779378213692	33.4	130.26000000000008	53.6	1448	L3	L3.1	L3.1.3	L3.1.3.1	
ERR245758	Malawi	15477854.0	30-75	74.99430063108233	65.0	15475616.0	12685270.0	81.96940270422837	31.3	202.5699999999996	48.5	347	L4	L4.9	L4.9.1		
ERR245847	Malawi	15577903.0	30-75	74.9948758186516	63.0	15575878.0	14288594.0	91.73540008466938	32.2	230.23999999999967	43.1	347	L4	L4.9	L4.9.1		
ERR2512459	United Kingdom	3001096.0	151.0	151.0	64.0	2990098.0	2973006.0	99.4283799393866	38.1	101.09000000000006	49.8	1033	L4	L4.1	L4.1.1	L4.1.1.3	L4.1.1.3.1
ERR2512687	United Kingdom	5083123.0	151.0	151.0	64.0	4880378.0	4852574.0	99.43029003081318	33.4	160.3600000000002	68.3	824	L4	L4.6	L4.6.2		
ERR2513142	United Kingdom	5341520.0	151.0	151.0	64.0	5324994.0	5298268.0	99.49810272086692	38.0	180.16000000000017	92.4	829	L4	L4.6	L4.6.2		
ERR2513350	United Kingdom	3608891.0	151.0	151.0	64.0	3590752.0	3571279.0	99.45769019971304	38.4	121.1799999999999	57.5	803	L4	L4.6	L4.6.2		
ERR2513570	United Kingdom	4018134.0	151.0	151.0	64.0	4005560.0	3987282.0	99.5436842788524	38.3	135.68000000000012	59.8	834	L4	L4.6	L4.6.5		
ERR2514140	United Kingdom	4657430.0	35-151	140.35033677371425	64.0	4626674.0	4593146.0	99.27533256071207	34.7	143.99000000000012	47.0	883	L4	L4.3	L4.3.1	L4.3.1.1	
ERR2514180	United Kingdom	5188884.0	151.0	151.0	65.0	4789472.0	4756759.0	99.31698107849884	33.8	155.15999999999988	72.7	900	L4	L4.3	L4.3.1	L4.3.1.1	
ERR2514299	United Kingdom	3467765.0	151.0	151.0	64.0	3455592.0	3443141.0	99.6396854721275	38.3	117.17999999999986	53.1	634	L4	L4.8	L4.8.2		
ERR2514391	United Kingdom	4961908.0	100.0	100.0	64.0	4853574.0	4811540.0	99.13395778039028	34.6	106.54	53.8	2186	L9				
ERR2514734	United Kingdom	3838760.0	151.0	151.0	64.0	3817390.0	3799811.0	99.5395021205588	38.8	128.1399999999999	66.4	1053	L4	L4.1	L4.1.1	L4.1.1.3	L4.1.1.3.1
ERR2514761	United Kingdom	3695592.0	151.0	151.0	61.0	3677664.0	3651509.0	99.28881485638708	37.6	99.54999999999986	31.3	632	L4	L4.8	L4.8.2		
ERR2514970	United Kingdom	3711250.0	151.0	151.0	64.0	3698526.0	3685511.0	99.64810305510898	38.4	125.45	62.2	899	L4	L4.3	L4.3.1	L4.3.1.1	
ERR2516242	Belgium	7021126.0	5-100	94.55703230507471	64.0	6999676.0	6953759.0	99.34401249429258	31.9	147.37000000000006	36.8	813	L4	L4.6	L4.6.2		
ERR2516652	Netherlands	7609554.0	5-101	98.63870996907308	65.0	7604490.0	7430438.0	97.71119430757356	26.9	162.7599999999997	47.6	1497	L2	L2.2	L2.2.C		
ERR2517224	Netherlands	4575986.0	5-126	119.45161130300662	64.0	4531088.0	4493462.0	99.16960341533866	38.2	120.71999999999991	41.5	814	L4	L4.6	L4.6.4		
ERR2517545	Netherlands	4117298.0	5-126	119.3121059005202	65.0	4078570.0	4038738.0	99.0233831955808	37.7	108.47999999999992	37.3	791	L4	L4.6	L4.6.3		
ERR2659158	South Africa	7015868	301	301	53	6929966	6946132	99.0060246287415	26	280.22	240.7	2208	Dassie bacillus				
ERR2659169	Italy	3234385.0	35-251	142.29083272399544	63.0	3209544.0	3121504.0	97.25693120268798	31.5	89.72	26.5	2029	M. microti				
ERR2659170	Italy	8430023.0	35-251	158.97707835435324	63.0	8246698.0	8076161.0	97.9320571700334	31.7	249.3599999999996	80.7	2087	M. microti				
ERR2659171	Italy	8740903.0	35-251	167.94526480845286	63.0	8670974.0	8506073.0	98.0982413279062	31.7	283.6200000000004	102.8	2085	M. microti				
ERR2791538	Finland	3810317.0	30-151	137.08335343227347	64.0	3745530.0	3717080.0	99.24042792341804	35.6	113.12999999999997	36.1	1003	L4	L4.1	L4.1.2		
ERR3170431	Ghana	4693987.0	35-151	147.37500593844848	63.0	4679222.0	4557224.0	97.39277170435598	31.5	145.74999999999983	69.3	2279	L6	L6.2	L6.2.1		
ERR3170433	Ghana	6493999.0	35-151	146.84705264044544	64.0	6446206.0	6328959.0	98.18114717401212	32.8	205.5499999999996	108.9	2334	L6	L6.3	L6.3.2		
ERR3170439	Ghana	4220165.0	35-151	144.95394895697206	64.0	4201034.0	4128651.0	98.27701941950482	32.6	132.37000000000003	68.0	2329	L6	L6.3	L6.3.3		
ERR3273088	Indonesia	3217412.0	30-151	150.74565427119686	65.0	3209172.0	3181700.0	99.14395364287112	38.0	97.92999999999986	66.8	1626	L2	L2.2	L2.2.M3		
ERR3273089	Indonesia	3295678.0	30-151	150.80509685715654	65.0	3289246.0	3259616.0	99.0991856492339	37.9	101.13000000000004	65.7	1004	L4	L4.5			
ERR3273095	Indonesia	2769900.0	30-151	150.7469814794758	65.0	2762886.0	2735903.0	99.02337628117844	38.0	83.65999999999993	53.9	1548	L2	L2.2	L2.2.AA3	L2.2.AA3.2	
ERR3273097	Indonesia	2749205.0	30-151	150.73500957549547	65.0	2741888.0	2714997.0	99.0192524275244	37.9	82.81999999999996	55.7	1637	L2	L2.2	L2.2.M3		
ERR3273102	Indonesia	2696758.0	30-151	150.79582372611856	65.0	2691212.0	2672536.0	99.3060375771214	38.0	82.15999999999998	51.1	941	L4	L4.4	L4.4.1	L4.4.1.2	
ERR3273106	Indonesia	3258923.0	30-151	150.69942217106694	65.0	3249078.0	3218316.0	99.0532083255619	37.8	98.65999999999988	68.0	1605	L2	L2.2	L2.2.M1	L2.2.M1.1	
ERR3273110	Indonesia	2930413.0	30-151	150.7529767988335	65.0	2923158.0	2897248.0	99.11362984826684	38.2	88.50999999999993	60.0	1575	L2	L2.2	L2.2.AA3	L2.2.AA3.2	
ERR3273111	Indonesia	2739491.0	30-151	150.7030185534466	65.0	2731294.0	2704895.0	99.03346179503195	37.9	82.90999999999997	56.0	1609	L2	L2.2	L2.2.M2	L2.2.M2.3	
ERR3273113	Indonesia	2810980.0	30-151	150.73054948807888	65.0	2803350.0	2779307.0	99.1423475484688	38.0	85.91999999999994	58.3	1615	L2	L2.2	L2.2.M2	L2.2.M2.2	
ERR3273135	Indonesia	2781976.0	30-151	150.72617592675135	65.0	2774308.0	2749784.0	99.11603181766408	38.0	84.84999999999995	57.2	1590	L2	L2.2	L2.2.M1	L2.2.M1.4	
ERR3273150	Indonesia	2851302.0	30-151	150.7233162253595	65.0	2843296.0	2819393.0	99.15932073199556	38.1	86.74999999999996	58.3	1591	L2	L2.2	L2.2.E		
ERR3273161	Indonesia	2943585.0	30-151	150.80659603850407	65.0	2937896.0	2910699.0	99.0742694772041	37.9	89.44	57.7	953	L4	L4.5			
ERR3273162	Indonesia	3006367.0	30-151	150.72699540674842	65.0	2998094.0	2963819.0	98.85677367020511	38.0	89.87999999999994	63.0	2388	L1	L1.1	L1.1.3	L1.1.3.4	
ERR3273164	Indonesia	2667275.0	30-151	150.79214329231144	65.0	2661736.0	2640701.0	99.20972628389892	37.9	80.67999999999998	50.6	949	L4	L4.4	L4.4.1	L4.4.1.2	
ERR3273169	Indonesia	2833262.0	30-151	150.7671270782582	65.0	2826562.0	2802207.0	99.13835252861958	37.9	86.74999999999996	58.2	1556	L2	L2.2	L2.2.B		
ERR3273175	Indonesia	2487124.0	30-151	150.76119807456325	65.0	2481224.0	2450872.0	98.77673277382452	37.8	75.87	52.7	2224	L1	L1.1	L1.1.1	L1.1.1.8	
ERR3273180	Indonesia	3051042.0	30-151	150.72522403821384	65.0	3042580.0	3018205.0	99.1988706952652	37.8	92.40999999999993	63.0	1659	L2	L2.2	L2.2.M1	L2.2.M1.4	
ERR3273181	Indonesia	3154348.0	30-151	150.73114253722164	65.0	3145828.0	3122891.0	99.2708755850606	37.6	95.76999999999988	65.8	1641	L2	L2.2	L2.2.M6	L2.2.M6.2	
ERR3273182	Indonesia	2889520.0	30-151	150.7204597995515	65.0	2881392.0	2860019.0	99.25824046155468	37.8	87.58999999999993	59.0	1606	L2	L2.2	L2.2.M2	L2.2.M2.5	L2.2.1.2
ERR3273193	Indonesia	3588071.0	30-151	150.73904501889734	65.0	3578646.0	3554987.0	99.33888403602928	38.0	108.00999999999982	75.6	1654	L2	L2.2	L2.2.M2	L2.2.M2.2	
ERR3273194	Indonesia	2850180.0	30-151	150.71998505357556	65.0	2842168.0	2821367.0	99.268129118335	38.0	85.60999999999994	57.5	1622	L2	L2.2	L2.2.M2	L2.2.M2.5	L2.2.1.2
ERR3273198	Indonesia	3059782.0	30-151	150.74271108203132	65.0	3051860.0	3032523.0	99.36638640042466	37.8	92.9699999999999	63.3	1569	L2	L2.1			
ERR3273199	Indonesia	2762179.0	30-151	150.7731559033647	65.0	2755978.0	2729621.0	99.04364258350394	37.9	83.52999999999994	58.8	2226	L1	L1.1	L1.1.1	L1.1.1.8	
ERR3273207	Indonesia	2944608.0	30-151	150.70514071822123	65.0	2935808.0	2915751.0	99.31681499607603	37.9	89.87999999999992	61.2	1595	L2	L2.2	L2.2.M1	L2.2.M1.1	
ERR3273209	Indonesia	2942896.0	30-151	150.7409402167117	65.0	2935252.0	2917317.0	99.38897920859948	37.9	90.18999999999993	61.5	1491	L2	L2.1			
ERR3275209		5401521.0	50-126	119.69965422702236	64.0	5396387.0	5393522.0	99.94690892258096	38.2	146.12000000000003	30.6	758	L4	L4.6	L4.6.3		
ERR3284110	Indonesia	2708895.0	30-151	150.71559658089367	65.0	2701104.0	2665351.0	98.67635603812369	37.2	82.22999999999998	54.6	1611	L2	L2.2	L2.2.M6	L2.2.M6.2	
ERR3639696	Germany	2889325.0	30-150	148.67661512637034	64.0	2851482.0	2830709.0	99.27150162617193	34.2	93.19000000000004	35.0	1594	L2	L2.2	L2.2.M4	L2.2.M4.5	
ERR3639704	Germany	3495576.0	30-150	149.18558858397014	64.0	3467482.0	3432781.0	98.99924498526596	31.4	111.54999999999995	38.3	1601	L2	L2.2	L2.2.M4	L2.2.M4.5	
ERR3639705	Germany	4865486.0	30-150	149.11984804806755	64.0	4823722.0	4788774.0	99.27549721978174	32.2	151.02999999999997	53.2	1600	L2	L2.2	L2.2.M4	L2.2.M4.5	
ERR3639747	Germany	1771671.0	30-301	281.60281282472874	64.0	1746934.0	1736461.0	99.40049252003796	31.0	107.16999999999996	39.8	917	L4	L4.6	L4.6.4		
ERR3639753	Germany	1789810.0	30-301	282.6700655376828	65.0	1765858.0	1751075.0	99.16284321842411	32.9	109.91999999999996	46.2	1093	L4	L4.2	L4.2.1		
ERR3639760	Germany	1750061.0	30-301	284.6022807205006	65.0	1721336.0	1710801.0	99.3879753865602	31.9	107.40999999999995	50.7	1514	L3	L3.1	L3.1.2		
ERR3639777	Germany	1780217.0	30-301	283.2882356476767	65.0	1757104.0	1747498.0	99.45330498365492	32.6	109.89999999999996	42.4	887	L4	L4.4	L4.4.1	L4.4.1.1	
ERR3639801	Germany	2273284.0	30-301	279.6909229115236	64.0	2243548.0	2226736.0	99.25065120068749	31.9	136.12000000000003	64.2	1473	L3	L3.1	L3.1.2		
ERR3639810	Germany	1862150.0	30-301	275.2257632306742	64.0	1830648.0	1815810.0	99.18946733615638	32.9	111.21999999999991	59.6	2240	L5	L5.3			
ERR3639816	Germany	1545703.0	30-301	284.3290004612788	65.0	1524852.0	1513798.0	99.27507718781888	31.7	94.73999999999998	38.1	1002	L4	L4.2	L4.2.2	L4.2.2.2	
ERR3639818	Germany	1764054.0	30-301	281.67999789122103	65.0	1742820.0	1730888.0	99.3153624585442	31.9	107.43999999999994	42.9	1065	L4	L4.2	L4.2.2	L4.2.2.2	
ERR386816		5153185.0	100.0	100.0	64.0	4977734.0	4945086.0	99.34411923176287	34.5	107.42000000000009	59.1	2714	M. orygis				
ERR400415	United Kingdom	6506135.0	100.0	100.0	65.0	6498374.0	6393958.0	98.39319805231278	30.4	143.22999999999976	63.0	2104	L7				
ERR4143897	Portugal	2294840.0	35-151	145.48702349619143	65.0	2287258.0	2260172.0	98.8157872876606	31.5	71.42000000000002	30.7	2176	M. pinipedii				
ERR4143898	Portugal	2176390.0	35-251	210.37914160605405	65.0	2161128.0	2139940.0	99.01958606801632	32.1	96.59999999999997	41.7	2223	M. pinipedii				
ERR4162005	Gabon	4217667.0	35-151	148.05887188343698	63.0	4203762.0	4115480.0	97.89992868292734	31.6	132.61	66.1	2236	L5	L5.1	L5.1.5		
ERR4162007	Gabon	4690361.0	35-151	149.7429852414345	64.0	4661950.0	4579544.0	98.232370574545	33.1	152.79999999999998	80.8	2231	L5	L5.1	L5.1.3		
ERR4162022	Sierra Leone	4936616.0	35-151	148.56772777141265	64.0	4918176.0	4763886.0	96.8628613534774	30.4	153.58999999999978	75.0	2276	L6	L6.2	L6.2.2		
ERR4162024	Somalia	6450892.0	35-151	146.45263554249553	65.0	6435586.0	6374514.0	99.0510265887209	31.3	205.95999999999952	120.6	2217	L9				
ERR4162031	Democratic Republic of the Congo	5493599.0	35-151	148.3538614667725	65.0	5467476.0	5376244.0	98.33136899000564	32.2	176.21999999999994	94.1	2254	L5	L5.2			
ERR4162032	Democratic Republic of the Congo	4814439.0	35-151	144.040415093015	65.0	4779760.0	4696366.0	98.25526804693122	31.8	149.15000000000018	74.2	2243	L5	L5.2			
ERR4192355	Gambia	1063811.0	251.0	251.0	63.0	1041777.0	1027848.0	98.66295761952894	33.8	40.99	18.4	2242	L6	L6.1	L6.1.2		
ERR4192356	Gambia	7502675.0	101.0	101.0	65.0	7398224.0	7251900.0	98.02217397040155	32.9	161.89999999999995	70.2	2336	L6	L6.1	L6.1.1		
ERR4192367	Equatorial Guinea	6921698.0	101.0	101.0	66.0	6823680.0	6741762.0	98.79950407990997	33.2	150.79000000000013	63.7	2201	L5	L5.1	L5.1.2		
ERR4192374	Mauritania	6546404.0	101.0	101.0	63.0	6495558.0	6402842.0	98.57262455357952	32.8	134.5300000000001	59.5	2310	L6	L6.1	L6.1.1		
ERR4192376	Gambia	7205823.0	101.0	101.0	64.0	7145844.0	7025871.0	98.3210800571633	32.2	152.0499999999998	66.2	2327	L6	L6.1	L6.1.3		
ERR4192377		6667660.0	101.0	101.0	63.0	6623444.0	6525935.0	98.52782026993812	32.3	140.44000000000003	60.1	2297	L6	L6.2	L6.2.3		
ERR4192378	Ivory Coast	4754818.0	101.0	101.0	64.0	4719994.0	4659436.0	98.71698989447869	32.5	100.35000000000002	42.5	2309	L6	L6.2	L6.2.3		
ERR4192380	Gambia	4236805.0	101.0	101.0	64.0	4179406.0	4125751.0	98.71620512580016	33.8	91.31000000000007	40.9	2156	L5	L5.3			
ERR4192381	Gambia	4574004.0	101.0	101.0	64.0	4545538.0	4494119.0	98.86880276878117	33.9	98.39000000000004	41.7	2313	L6	L6.1	L6.1.3		
ERR4192384		4436188.0	101.0	101.0	65.0	4413794.0	4337602.0	98.27377535063938	36.2	98.66	32.6	2236	L9				
ERR439931	Cameroon	4439472.0	100.0	100.0	65.0	4433310.0	4381936.0	98.84118187088202	33.6	98.28999999999992	62.0	2226	L5	L5.1	L5.1.3		
ERR439934	Guinea	5278479.0	100.0	100.0	65.0	5273010.0	5218635.0	98.96880529337136	33.5	117.2199999999998	76.3	2326	L6	L6.2	L6.2.2		
ERR439935	Guinea	4950851.0	100.0	100.0	65.0	4946078.0	4891454.0	98.89560981448332	33.5	109.85999999999976	70.8	2332	L6	L6.2	L6.2.2		
ERR439945	Benin	4579910.0	100.0	100.0	65.0	4574316.0	4517515.0	98.75826243748791	33.5	101.54999999999976	64.2	2199	L5	L5.3			
ERR4403837	Panama	3562798.0	30-151	135.98569467031248	64.0	3550666.0	3523757.0	99.24214217839696	34.5	105.28999999999998	43.7	1577	L2	L2.2	L2.2.M3		
ERR4407483	France	2674702.0	30-251	239.37429889385808	65.0	2615044.0	2590777.0	99.0720232623237	35.2	137.39	61.6	1030	L4	L4.1	L4.1.1	L4.1.1.1	
ERR4407488	France	2063846.0	30-251	223.9767773370688	65.0	2023330.0	2003545.0	99.02215654391524	35.1	100.45999999999998	39.9	1123	L4	L4.2	L4.2.1	L4.2.1.1	
ERR4407489	France	2772591.0	30-251	167.6780069617192	65.0	2732506.0	2699302.0	98.78485170755344	34.7	97.04999999999993	35.6	1054	L4	L4.2	L4.2.1	L4.2.1.1	
ERR4407508	France	2199426.0	30-251	223.84836771048447	65.0	2050360.0	2032775.0	99.1423457344076	35.6	105.26999999999995	46.6	1104	L4	L4.2	L4.2.2	L4.2.2.2	
ERR4407532	France	1052956.0	30-251	222.97260379351084	65.0	1026080.0	1010795.0	98.51035007016998	31.3	49.51999999999999	20.3	2124	L1	L1.1	L1.1.2	L1.1.2.1	
ERR4407534	France	2075086.0	30-251	227.02506787670487	65.0	2034380.0	2000857.0	98.35217609296198	34.1	100.72999999999998	48.1	1497	L3	L3.5	L3.5.1		
ERR4407553	France	5047727.0	30-251	139.93150937045525	64.0	5006802.0	4913049.0	98.12748736618704	33.8	143.27000000000012	40.8	853	L4	L4.6	L4.6.2	L4.6.2.2	
ERR460916	Benin	6437598.0	100.0	100.0	65.0	6429634.0	6321208.0	98.3136520679093	31.0	140.8199999999997	82.2	2228	L5	L5.3			
ERR460917	Benin	6953671.0	100.0	100.0	65.0	6947990.0	6827936.0	98.27210459427836	30.9	152.32000000000028	92.5	2290	L6	L6.2	L6.2.1		
ERR4972482	Argentina	3475592.0	30-151	145.59026865063564	64.0	3451488.0	3397522.0	98.4364424850963	33.9	106.79999999999993	33.0	1041	L4	L4.1	L4.1.4		
ERR4972498	Argentina	5561478.0	30-151	128.8242112977881	64.0	5517094.0	5396552.0	97.81511788633654	33.3	148.1000000000001	53.6	1052	L4	L4.1	L4.1.2	L4.1.2.1	L4.1.2.1.1
ERR4972501	Argentina	4384474.0	30-151	150.4497107292688	64.0	4370392.0	4311339.0	98.64879397546032	33.3	137.86	56.8	1031	L4	L4.1	L4.1.4		
ERR4972549	Argentina	2924390.0	30-151	145.88655377702702	65.0	2903412.0	2863201.0	98.6150432663363	33.7	91.17999999999992	40.5	1050	L4	L4.1	L4.1.2	L4.1.2.1	L4.1.2.1.1
ERR4972565	Argentina	3667544.0	30-151	133.8423975281551	64.0	3649342.0	3593256.0	98.46312020084716	34.1	104.80999999999987	37.6	933	L4	L4.3	L4.3.2		
ERR4972581	Argentina	3412838.0	30-151	147.57283498367048	64.0	3400638.0	3354940.0	98.65619333783836	34.0	107.97999999999996	45.1	1074	L4	L4.1	L4.1.2	L4.1.2.1	L4.1.2.1.1
ERR4972582	Argentina	2039122.0	30-151	150.4505247846867	64.0	2032368.0	2009275.0	98.86373924407393	33.2	63.30999999999999	24.9	1026	L4	L4.1	L4.1.4		
ERR4972588	Argentina	3560571.0	30-151	148.00002274916017	65.0	3529804.0	3365571.0	95.34724874242308	33.7	108.36999999999988	43.5	958	L4	L4.3	L4.3.2		
ERR502506	Ghana	5189518.0	100.0	100.0	66.0	5179522.0	4932135.0	95.2237484462852	33.5	109.64999999999976	67.2	2439	L6	L6.2	L6.2.1		
ERR502509	Ghana	5611942.0	100.0	100.0	65.0	5594250.0	5454246.0	97.49735889529428	33.6	121.33999999999972	76.0	2250	L5	L5.1	L5.1.5		
ERR502525	Ghana	5636958.0	100.0	100.0	65.0	5632844.0	5283477.0	93.79768017718936	33.6	118.02999999999984	73.7	2319	L6	L6.2	L6.2.1		
ERR550865		5427600.0	101.0	101.0	64.0	5402046.0	5363234.0	99.28153147899889	33.3	121.06999999999992	27.4	577	L4	L4.8	L4.8.3		
ERR550931	Sierra Leone	1340159.0	30-251	241.0951416958734	65.0	1320134.0	1307145.0	99.01608473079249	33.0	69.73000000000002	36.5	2313	L6	L6.3	L6.3.1		
ERR550944		5126574.0	101.0	101.0	64.0	5101350.0	5069105.0	99.36791241534104	33.9	114.69999999999996	32.2	831	L4	L4.6	L4.6.4		
ERR551664		7345714.0	101.0	101.0	65.0	7258476.0	7162406.0	98.67644392569458	31.9	160.88000000000028	36.0	599	L4	L4.8	L4.8.3		
ERR551796		4206101.0	101.0	101.0	64.0	4190568.0	4156908.0	99.19676759809172	33.8	93.98999999999998	22.7	577	L4	L4.8	L4.8.3		
ERR551901	Germany	3823116.0	101.0	101.0	64.0	3803390.0	3764517.0	98.97793810258744	33.8	84.91000000000004	34.7	2285	L6	L6.3	L6.3.2		
ERR552057		4713616.0	101.0	101.0	64.0	4667136.0	4638145.0	99.37882675799462	34.0	104.53999999999996	25.0	590	L4	L4.8	L4.8.3		
ERR552161	Sierra Leone	2317978.0	30-301	284.4228724345097	64.0	2286176.0	2275944.0	99.55244040703778	27.7	131.74	47.0	868	L4	L4.6	L4.6.2	L4.6.2.2	
ERR552796	Germany	1793803.0	35-301	291.0844696992925	65.0	1764946.0	1749116.0	99.10308870639668	31.8	110.35999999999991	61.5	2495	M. bovis				
ERR552984		5614880.0	101.0	101.0	64.0	5586048.0	5524120.0	98.8913808116221	31.4	124.48999999999992	27.8	576	L4	L4.8	L4.8.3		
ERR553145	Sierra Leone	1916426.0	30-301	279.639104249264	64.0	1881356.0	1871409.0	99.47128560463835	32.7	115.79999999999994	46.7	937	L4	L4.4	L4.4.1	L4.4.1.1	
ERR553376	Germany	1139276	150	150	64	1126938	1129924	99.1791277969517	34.5	37.42	36	2089	M. microti				
ERR688009	Pakistan	16166415.0	30-101	99.36222025724318	64.0	15995006.0	15720698.0	98.28503971802198	32.4	288.21000000000004	123.2	1497	L3	L3.1	L3.1.3		
ERR688015	Pakistan	20143022.0	30-101	99.81362657499952	64.0	20080054.0	19814865.0	98.67934120097486	32.2	430.3900000000007	184.1	1532	L3	L3.5			
ERR688044	Pakistan	17036893.0	30-101	99.90295425345457	64.0	17008956.0	16685639.0	98.0991367136231	33.5	369.5500000000004	174.1	1528	L3	L3.5			
ERR702401	Ghana	5167735.0	100.0	100.0	65.0	5161866.0	4935896.0	95.62231952553591	31.8	109.91999999999976	63.4	2323	L6	L6.2	L6.2.1		
ERR713575	Ivory Coast	149646777	101	101	65	145303255	146787579	98.0893688074551	33.5	3344.16	3013.3	2522	Chimpanzee bacillus				
ERR718208	Thailand	3978200.0	100.0	100.0	65.0	3970476.0	3939830.0	99.22815299727289	33.8	88.34999999999994	50.0	1585	L2	L2.2	L2.2.M4	L2.2.M4.2	
ERR718218	Thailand	4028532.0	100.0	100.0	66.0	4018386.0	3989046.0	99.26985610640688	33.5	89.16999999999989	42.4	1601	L2	L2.2	L2.2.M4	L2.2.M4.2	
ERR718262	Thailand	4882775.0	100.0	100.0	66.0	4879640.0	4834948.0	99.0841127624169	33.7	108.54999999999976	61.6	2200	L1	L1.1	L1.1.2	L1.1.2.1	
ERR718265	Thailand	4283134.0	100.0	100.0	65.0	4280300.0	4241743.0	99.09919865429994	33.8	95.29999999999984	58.1	2197	L1	L1.1	L1.1.3	L1.1.3.3	
ERR718290	Thailand	4452346.0	100.0	100.0	65.0	4448384.0	4413548.0	99.216884153886	33.7	99.09999999999984	58.0	1583	L2	L2.2	L2.2.D		
ERR718350	Thailand	4993719.0	100.0	100.0	65.0	4989268.0	4944862.0	99.1099696388328	33.7	111.11999999999976	64.8	1601	L2	L2.2	L2.2.M4	L2.2.M4.1	
ERR718494	Thailand	4735574.0	100.0	100.0	66.0	4730084.0	4687198.0	99.09333534034492	33.9	105.1199999999998	62.0	2210	L1	L1.1	L1.1.3	L1.1.3.3	
ERR718539	Thailand	4318061.0	100.0	100.0	66.0	4314442.0	4272719.0	99.03294562773124	33.9	95.99999999999982	58.5	2202	L1	L1.1	L1.1.1	L1.1.1.2	
ERR718550	Thailand	4612966.0	100.0	100.0	66.0	4609050.0	4564545.0	99.03439971360692	34.0	102.42999999999982	61.0	2213	L1	L1.1	L1.1.3	L1.1.3.3	
ERR751294	Ghana	5242532.0	100.0	100.0	65.0	5210992.0	5151111.0	98.8508713887874	32.7	115.24999999999967	70.2	2332	L6	L6.1	L6.1.1		
ERR751304	Ghana	5610395.0	100.0	100.0	65.0	5560580.0	5499881.0	98.90840523830248	32.6	122.50999999999972	74.5	2260	L5	L5.1	L5.1.3		
ERR751311	Ghana	4740229.0	100.0	100.0	65.0	4731694.0	4686853.0	99.05232671428034	32.6	104.87999999999982	63.4	2229	L5	L5.1	L5.1.5		
ERR751369	Peru	6140563.0	100.0	100.0	65.0	6135504.0	6082896.0	99.14256432723376	32.9	134.70000000000002	81.8	2451	M. bovis				
ERR751371		6365544.0	100.0	100.0	65.0	6359212.0	6306681.0	99.1739385320068	32.9	139.6500000000001	84.1	2593	M. caprae				
ERR751397		5368106.0	100.0	100.0	65.0	5361892.0	5311745.0	99.06475177045716	32.9	117.6800000000002	68.3	2651	M. caprae				
ERR751642	Thailand	8148537.0	100.0	100.0	66.0	8141092.0	8084569.0	99.30570739158824	32.5	180.84000000000023	101.3	1589	L2	L2.2	L2.2.C		
ERR751676	Thailand	6340164.0	100.0	100.0	65.0	6336140.0	6277097.0	99.06815505970512	32.4	140.57999999999973	86.2	2212	L1	L1.1	L1.1.1	L1.1.1.3	
ERR751690	Thailand	6514131.0	100.0	100.0	66.0	6509948.0	6449754.0	99.07535359729448	32.5	144.38999999999976	87.3	2157	L1	L1.1	L1.1.1	L1.1.1.3	
ERR751709	Thailand	5379167.0	100.0	100.0	66.0	5374254.0	5313084.0	98.8617955161777	31.6	118.5199999999997	70.4	2218	L1	L1.1	L1.1.1	L1.1.1.6	
ERR751724	Thailand	6147639.0	100.0	100.0	66.0	6139906.0	6081320.0	99.045816010864	32.9	135.9399999999998	82.4	2201	L1	L1.1	L1.1.1	L1.1.1.6	
ERR751840	Thailand	5453709.0	100.0	100.0	66.0	5438312.0	5385911.0	99.0364473388066	32.6	120.0799999999997	65.5	1581	L2	L2.2	L2.2.M2	L2.2.M2.1	
ERR751849	Thailand	6131777.0	100.0	100.0	66.0	6125230.0	6067622.0	99.05949654135436	32.8	135.63999999999973	83.6	2271	L1	L1.1	L1.1.3	L1.1.3.2	
ERR751870	Thailand	5511599.0	100.0	100.0	66.0	5506494.0	5457717.0	99.1141913529734	32.8	122.0399999999997	74.3	2224	L1	L1.1	L1.1.1	L1.1.1.2	
ERR751907	Thailand	5727041.0	100.0	100.0	67.0	5715720.0	5661391.0	99.04948108024884	32.6	126.14999999999976	64.0	2223	L1	L1.1	L1.1.3	L1.1.3.2	
ERR751994	Thailand	6654667.0	100.0	100.0	66.0	6644880.0	6582775.0	99.06537063122283	32.8	147.03999999999982	91.8	2247	L1	L1.1	L1.1.3	L1.1.3.2	
ERR752009	Thailand	5628119.0	100.0	100.0	66.0	5616096.0	5544127.0	98.718522617847	32.8	123.71999999999969	71.1	2227	L1	L1.1	L1.1.1	L1.1.1.3	
ERR752077	Thailand	5546604.0	100.0	100.0	66.0	5540770.0	5506155.0	99.37526733648934	33.0	123.26999999999973	67.9	1594	L2	L2.2	L2.2.M2	L2.2.M2.1	
ERR752157	Thailand	5158395.0	100.0	100.0	66.0	5149892.0	5075958.0	98.56435824285246	32.9	113.73999999999972	68.9	2232	L1	L1.1	L1.1.1	L1.1.1.3	
ERR752182	Thailand	5399910.0	100.0	100.0	66.0	5393506.0	5358996.0	99.36015645481808	33.1	120.18999999999971	71.4	1588	L2	L2.2	L2.2.M2	L2.2.M2.1	
ERR757160	Argentina	5398351.0	30-101	99.7460676417669	65.0	5375376.0	5223860.0	97.18129485267634	33.0	117.17999999999974	52.1	1036	L4	L4.1	L4.1.2	L4.1.2.1	L4.1.2.1.1
ERR757167	Argentina	8593197.0	30-101	99.82270626403654	65.0	8567412.0	8466486.0	98.82197797888092	32.9	188.2200000000001	91.1	1039	L4	L4.1	L4.1.2	L4.1.2.1	L4.1.2.1.1
ERR767991	Thailand	4967166.0	100.0	100.0	66.0	4959842.0	4913719.0	99.07007118371916	32.9	109.90999999999976	65.2	2195	L1	L1.1	L1.1.1	L1.1.1.2	
ERR768006	Thailand	5345022.0	100.0	100.0	67.0	5318274.0	5226828.0	98.28053236820818	32.3	115.85999999999984	59.0	2214	L1	L1.1	L1.1.1	L1.1.1.6	
ERR768007	Thailand	5189078.0	100.0	100.0	66.0	5177386.0	5113410.0	98.76431851903644	32.6	114.25999999999968	66.1	2199	L1	L1.1	L1.1.1	L1.1.1.2	
ERR768038	Thailand	5584022.0	100.0	100.0	66.0	5578508.0	5513856.0	98.84105212361442	32.2	123.3899999999997	75.8	2212	L1	L1.1	L1.1.2	L1.1.2.1	
ERR772258	Argentina	5490746.0	30-101	99.65347477373749	65.0	5458666.0	5251388.0	96.20277188602488	32.9	117.92	50.2	942	L4	L4.3	L4.3.2		
ERR775779	Thailand	5938489.0	100.0	100.0	66.0	5933482.0	5869676.0	98.92464492181826	33.5	131.4499999999997	80.1	2232	L1	L1.1	L1.1.2	L1.1.2.1	
ERR775798	Thailand	5983882.0	100.0	100.0	66.0	5977804.0	5915632.0	98.9599525176804	33.5	132.2399999999997	82.0	2201	L1	L1.1	L1.1.1	L1.1.1.6	
ERR776453	Argentina	5676336.0	30-101	99.6423108145818	65.0	5642204.0	5506077.0	97.58734352745842	33.3	124.2	56.7	923	L4	L4.3	L4.3.2		
ERR966621	South Africa	3791245.0	30-150	149.62768852975736	65.0	3777082.0	3756870.0	99.46487791369104	33.7	125.98999999999988	65.8	911	L4	L4.4	L4.4.1	L4.4.1.1	L4.4.1.1.1
ERR970410	South Africa	4414864.0	29-151	150.48790223209593	62.0	4019346.0	3904769.0	97.14936211015424	29.5	102.43999999999998	57.3	2226	M. suricattae				
SRR10185942	Malaysia	5866863.0	100.0	100.0	65.0	5860874.0	5686486.0	97.02453934344946	32.7	125.8999999999997	53.4	2244	L1	L1.1	L1.1.3	L1.1.3.2	
SRR10185954	Malaysia	5167128.0	100.0	100.0	65.0	5158920.0	5041203.0	97.7181852015538	33.6	111.47999999999972	44.3	1582	L2	L2.2	L2.2.M4	L2.2.M4.1	
SRR10251197	India	1940758.0	35-301	270.33816838575444	65.0	1929312.0	1919690.0	99.5012729926523	31.0	109.35999999999996	68.1	2707	M. orygis				
SRR10251200	India	2789512.0	35-301	270.3090795092475	65.0	2772692.0	2759617.0	99.52843662404624	30.9	155.8099999999997	100.8	2703	M. orygis				
SRR10272573	New Zealand	2515532.0	30-251	188.1351197281529	64.0	2472612.0	2434115.0	98.44306344869312	35.1	99.48999999999997	23.0	884	L4	L4.4	L4.4.1	L4.4.1.1	
SRR1048973		6438040.0	101.0	101.0	65.0	6258420.0	6153416.0	98.32219633709468	32.6	135.42999999999975	67.4	1555	L2	L2.2	L2.2.C		
SRR1049001		4708747.0	101.0	101.0	65.0	4658834.0	4587590.0	98.47077616416468	32.7	102.3699999999998	47.4	1500	L2	L2.2	2.2.1.2		
SRR10828835	Rwanda	4819066.0	35-151	143.99107710913276	64.0	4763224.0	4730707.0	99.31733212630772	36.3	152.51999999999978	79.2	2265	L8				
SRR11033658	Georgia	8573364.0	30-151	150.50305889263538	64.0	8529466.0	8462266.0	99.21214294071868	35.9	110.8099999999998	47.7	1104	L4	L4.2	L4.2.1	L4.2.1.1	
SRR11033659	Georgia	13424005.0	30-151	149.91862368942802	65.0	13274806.0	13080187.0	98.53392207765596	35.4	153.44999999999987	72.8	1054	L4	L4.2	L4.2.1		
SRR11033678	Georgia	23740058.0	30-151	150.0876771236195	65.0	23520136.0	23304633.0	99.08375104633748	35.6	267.43999999999994	151.2	1613	L2	L2.2	L2.2.M4	L2.2.M4.5	
SRR11033734	Georgia	22884438.0	30-151	150.11090536721943	65.0	22675324.0	22424103.0	98.89209521328118	35.3	262.49999999999983	146.5	1590	L2	L2.2	L2.2.M4	L2.2.M4.9	L2.2.M4.9.1
SRR11033764	Georgia	11200965.0	30-151	150.22087846895334	65.0	11110498.0	11006572.0	99.0646143854218	35.5	143.0899999999998	66.1	1148	L4	L4.2	L4.2.1	L4.2.1.1	
SRR11662419	Thailand	8079198.0	150.0	150.0	65.0	8059940.0	8005140.0	99.3200941942496	37.0	269.5900000000012	180.7	1612	L2	L2.2	L2.2.M4	L2.2.M4.2	
SRR11662435	Thailand	9531681.0	150.0	150.0	65.0	9507616.0	9447198.0	99.3645304984972	38.8	319.1800000000017	195.5	1610	L2	L2.2	L2.2.M4	L2.2.M4.2	
SRR1188186	Canada	1412475.0	30-250	224.86470769394148	64.0	1380546.0	1373244.0	99.47107883402654	35.2	66.40000000000003	32.6	1532	L3	L3.5			
SRR1188530	Canada	1247199.0	30-250	220.6048152700572	63.0	1190126.0	1182411.0	99.3517493105772	35.3	55.96	24.0	1088	L4	L4.1	L4.1.1	L4.1.1.2	
SRR11947318	South Africa	5731306.0	30-101	99.68223542766692	63.0	5700510.0	5291720.0	92.82888723991364	29.3	96.78999999999986	32.9	979	L4	L4.1	L4.1.2		
SRR11947334	South Africa	8770153.0	30-101	99.78877951160032	61.0	8739234.0	8484191.0	97.08163209727536	31.6	121.33999999999985	44.3	1546	L2	L2.2	L2.2.M4	L2.2.M4.8	
SRR11947343	South Africa	8345983.0	30-101	99.31598470785286	62.0	8249228.0	8007334.0	97.06767712081664	31.5	134.23999999999984	40.3	1020	L4	L4.1	L4.1.1	L4.1.1.1	
SRR11947351	Kenya	8123322.0	30-101	99.779053446361	61.0	8093436.0	7860851.0	97.12625144623372	31.6	127.1699999999999	43.7	1505	L3	L3.1	L3.1.1	L3.1.1.1	
SRR11947411	Thailand	5628498.0	30-101	99.6567279583292	63.0	5596370.0	5469315.0	97.72968906630548	32.2	84.23999999999994	25.5	2164	L1	L1.1	L1.1.1	L1.1.1.7	
SRR11947412	Thailand	6932741.0	30-101	99.79447205657908	62.0	6909002.0	6796091.0	98.36574081176992	32.5	108.03999999999978	42.9	2173	L1	L1.2	L1.2.2	L1.2.2.1	
SRR11947413	Thailand	6460944.0	30-101	99.79574935179753	61.0	6439050.0	6314938.0	98.07251069645368	32.4	95.73999999999997	38.1	2133	L1	L1.1	L1.1.1	L1.1.1.9	
SRR11947420	Thailand	9078365.0	30-101	99.7098047941452	62.0	9034438.0	8874306.0	98.22753778375588	32.4	128.46999999999974	53.0	2237	L1	L1.1	L1.1.3	L1.1.3.1	
SRR11947432	Thailand	10848066.0	30-101	99.75519544221062	61.0	10803772.0	10610702.0	98.21293896242904	32.7	153.10000000000014	63.6	2134	L1	L1.1	L1.1.1	L1.1.1.7	
SRR11947452	Thailand	8885890.0	30-101	99.83973400526004	61.0	8862114.0	8704196.0	98.21805496972844	32.4	124.76999999999975	50.9	2213	L1	L1.1	L1.1.3	L1.1.3.2	
SRR11947478	South Africa	5637893.0	30-101	99.72610228679402	63.0	5612008.0	5545528.0	98.8153972695691	33.8	94.64999999999992	29.7	1524	L3	L3.1	L3.1.3	L3.1.3.1	
SRR11947493	South Africa	7018458.0	30-101	99.70874855986884	62.0	6984154.0	6923795.0	99.1357722066266	34.4	116.11999999999982	42.7	1498	L3	L3.1	L3.1.3	L3.1.3.1	
SRR11947508	Nigeria	8187682.0	30-101	99.78522419410037	62.0	8157906.0	7622850.0	93.44125808755336	31.8	121.15999999999995	41.3	841	L4	L4.6	L4.6.2	L4.6.2.2	
SRR11947530	Nigeria	8490194.0	30-101	99.7618016737898	62.0	8455812.0	7930532.0	93.78794135915037	31.7	131.76	42.8	835	L4	L4.6	L4.6.2	L4.6.2.2	
SRR11947537	South Africa	12417197.0	30-101	99.80205017283691	62.0	12376332.0	12075469.0	97.56904549748666	31.2	192.04000000000053	64.7	1043	L4	L4.1	L4.1.1	L4.1.1.2	
SRR12006513	Malaysia	3558969.0	30-151	144.35878227655255	65.0	3535756.0	3512192.0	99.33355129709176	34.4	111.03999999999996	56.8	2208	L1	L1.2	L1.2.2	L1.2.2.3	
SRR12006515	Malaysia	3881481.0	30-151	142.42676287736563	65.0	3818756.0	3793251.0	99.33211234234396	33.4	119.39999999999992	54.7	2184	L1	L1.2	L1.2.2	L1.2.2.3	
SRR12006520	Malaysia	4129700.0	30-151	142.03990192992228	65.0	4088844.0	4060755.0	99.31303321916904	34.5	126.86999999999992	61.6	2255	L1	L1.2	L1.2.2	L1.2.2.4	
SRR12006521	Malaysia	3711983.0	30-151	141.37754860407497	65.0	3631994.0	3607600.0	99.32835792129612	33.4	113.22999999999996	51.7	2194	L1	L1.2	L1.2.2	L1.2.2.4	
SRR12006525	Malaysia	2984686.0	30-151	141.15659369193276	65.0	2869664.0	2856029.0	99.5248572655196	33.5	90.72	39.0	1582	L2	L2.2	L2.2.M6	L2.2.M6.2	
SRR12006543	Malaysia	3079681.0	30-151	142.67348631238104	65.0	3056168.0	3037399.0	99.3858649131854	33.5	95.74	44.6	2198	L1	L1.2	L1.2.2	L1.2.2.1	
SRR12006553	Malaysia	4527387.0	30-151	135.25900679575216	65.0	4483160.0	4444890.0	99.146361048903	31.7	132.39999999999998	55.6	2185	L1	L1.2	L1.2.2	L1.2.2.4	
SRR12006555	Malaysia	3904696.0	30-151	139.63840232376606	65.0	3845072.0	3824098.0	99.45452256810796	33.2	117.57999999999994	54.6	2206	L1	L1.2	L1.2.2	L1.2.2.4	
SRR12006625	Malaysia	4001026.0	30-151	143.888091204606	65.0	3947044.0	3919992.0	99.31462633808998	33.6	124.84999999999992	60.9	2222	L1	L1.2	L1.2.2	L1.2.2.1	
SRR12006644	Malaysia	4372022.0	30-151	139.39160553171965	65.0	4308152.0	4277063.0	99.27836807986348	33.4	131.11	56.6	2211	L1	L1.1	L1.1.2	L1.1.2.2	
SRR12006651	Malaysia	6384151.0	30-151	140.03943124152295	65.0	6193162.0	6144965.0	99.22177072067548	33.5	188.5600000000001	88.0	2233	L1	L1.2	L1.2.2	L1.2.2.4	
SRR1239338	Australia	10031140.0	301.0	301.0	52.0	9918790.0	9677305.0	97.56537843829742	25.2	337.9100000000014	168.0	2328	M. pinipedii				
SRR12416828	Indonesia	6817503.0	30-150	149.85558202174607	65.0	6807458.0	6770853.0	99.46228092777068	35.8	209.3500000000005	144.4	920	L4	L4.4	L4.4.1	L4.4.1.2	
SRR12416839	Indonesia	8688395.0	30-150	149.79777611400033	65.0	8670598.0	8475499.0	97.74987838209084	37.5	254.45999999999967	195.4	2309	L1	L1.3	L1.3.2		
SRR12882011	Switzerland	4836375.0	30-101	99.34662593367966	64.0	4782530.0	4734995.0	99.00607000897014	32.9	102.18999999999993	41.8	1515	L3	L3.6			
SRR12882014	United Republic of Tanzania	2863332.0	30-101	99.54018814444152	65.0	2840832.0	2752339.0	96.88496187032533	35.9	47.900000000000006	15.7	1574	L3	L3.1	L3.1.1	L3.1.1.2	
SRR12882029	Switzerland	7361299.0	30-101	99.30493517516406	65.0	7274424.0	7191381.0	98.85842507942895	33.0	150.77000000000015	69.1	2171	L1	L1.1	L1.1.2	L1.1.2.2	
SRR12882043	Australia	11144756.0	30-101	99.60170487357462	63.0	11070112.0	10873966.0	98.2281480078973	35.5	222.17000000000007	103.5	2243	L1	L1.1	L1.1.1	L1.1.1.9	
SRR12882046	Australia	11996835.0	30-101	99.71057866512292	63.0	11938754.0	11771711.0	98.60083388936567	35.7	228.4199999999999	101.5	2193	L1	L1.1	L1.1.1	L1.1.1.5	
SRR12882056	Australia	12863998.0	30-101	99.68758328476108	63.0	12796376.0	12610195.0	98.5450490044994	35.8	252.16	115.1	2167	L1	L1.1	L1.1.1	L1.1.1.2	
SRR12882093	Taiwan	6813406.0	30-101	94.60787189256006	65.0	6193240.0	6053988.0	97.7515484625172	34.9	134.65999999999968	90.2	2215	L1	L1.2	L1.2.2	L1.2.2.1	
SRR12882101	Switzerland	8333489.0	30-101	99.6463238866698	63.0	8283784.0	8183867.0	98.79382417503884	32.9	165.42000000000013	70.8	2170	L1	L1.1	L1.1.3	L1.1.3.3	
SRR12882120	Switzerland	6709973.0	30-101	99.28138458977406	64.0	6627918.0	6535171.0	98.60066162556627	32.6	137.99000000000004	56.6	1476	L3	L3.2			
SRR12882229	Mozambique	3246664.0	30-151	150.18888311201897	64.0	3220118.0	3099584.0	96.25684524604378	35.2	95.23	48.2	2313	L1	L1.1	L1.1.3	L1.1.3.4	
SRR12882231	Mozambique	3633294.0	30-151	149.8652401925085	64.0	3591680.0	3520756.0	98.02532519600857	35.3	109.23	57.8	2291	L1	L1.1	L1.1.3	L1.1.3.4	
SRR12882232	Mozambique	3703095.0	30-151	150.08981028031957	64.0	3669174.0	3596742.0	98.0259317219625	35.4	113.5099999999999	58.5	2211	L1	L1.3	L1.3.1		
SRR12882233	Mozambique	3493509.0	30-151	150.13455182167843	64.0	3463060.0	3387147.0	97.8079213181406	35.5	109.61	56.8	2317	L1	L1.1	L1.1.3	L1.1.3.4	
SRR12882243	United States of America	4140641.0	30-151	149.33231014231853	64.0	4070776.0	4022917.0	98.8243273518366	35.0	123.13000000000002	62.8	2133	L1	L1.1	L1.1.1	L1.1.1.1	
SRR12882246	Switzerland	4768201.0	30-101	99.5166306957278	64.0	4729130.0	4681915.0	99.0016134045797	33.3	101.96999999999996	40.5	1542	L3	L3.5	L3.5.1		
SRR12882255	United States of America	10742789.0	30-101	99.61518577717574	63.0	10672498.0	10393654.0	97.38726584910113	34.3	202.44999999999985	95.4	2184	L1	L1.1	L1.1.1	L1.1.1.8	
SRR12882263	United Kingdom	8965465.0	30-101	99.49495380328852	64.0	8888866.0	8613899.0	96.9066132845292	33.8	178.75000000000017	84.7	2160	L1	L1.2	L1.2.1		
SRR12882271	Australia	6445336.0	30-101	99.47704231400814	63.0	6388524.0	6303367.0	98.66703169621027	35.6	130.7399999999999	49.7	1501	L3	L3.5	L3.5.1		
SRR12882285	Australia	5918224.0	30-101	99.65435340061478	63.0	5883940.0	5786727.0	98.3478247568806	35.8	118.01999999999992	50.7	2223	L1	L1.2	L1.2.2	L1.2.2.2	
SRR12882303	Switzerland	16353815.0	30-101	99.58185365310786	63.0	16238354.0	16031272.0	98.72473527797214	32.7	317.82000000000073	140.9	2205	L1	L1.1	L1.1.1	L1.1.1.5	
SRR12882316	United Republic of Tanzania	2480813.0	30-125	121.37712435399202	64.0	2397644.0	2348175.0	97.93676625887746	35.6	55.06000000000002	32.3	1491	L3	L3.1	L3.1.1	L3.1.1.2	
SRR12882332	United Republic of Tanzania	4474024.0	30-151	138.94027144244197	64.0	3927444.0	3849065.0	98.00432545951006	35.9	127.8299999999997	76.8	1500	L3	L3.1	L3.1.2		
SRR12882390	United Republic of Tanzania	2473578.0	30-125	121.52316684575946	64.0	2395072.0	2339126.0	97.6641203270716	35.5	55.220000000000006	32.8	1491	L3	L3.1	L3.1.1	L3.1.1.2	
SRR12882406	Switzerland	5997218.0	30-101	99.17887860671398	64.0	5913822.0	5831819.0	98.6133671253548	32.5	117.96999999999989	50.8	2248	L1	L1.1	L1.1.3	L1.1.3.1	
SRR12882422	Switzerland	13523575.0	30-101	99.5833020484598	63.0	13428432.0	13255263.0	98.71043022744576	32.8	267.1899999999999	120.8	2195	L1	L1.1	L1.1.1	L1.1.1.5	
SRR12882428	Taiwan	7454812.0	30-101	93.08626937875832	64.0	6586438.0	6391651.0	97.0426048191754	35.0	141.2799999999997	90.9	2191	L1	L1.2	L1.2.2	L1.2.2.5	
SRR12882461	Madagascar	4502003.0	30-101	99.55415356231435	64.0	4467628.0	4398953.0	98.46283083551272	36.3	95.36000000000004	47.7	2198	L1	L1.3	L1.3.1		
SRR12882472	Madagascar	4892765.0	30-101	99.64282527364384	64.0	4862868.0	4794822.0	98.60070230160474	36.6	102.98999999999998	52.6	2222	L1	L1.1	L1.1.3	L1.1.3.1	
SRR12882492	Gambia	3762842.0	30-138	135.4877640358006	62.0	3699754.0	3559500.0	96.2090993076837	35.3	92.29999999999993	42.8	2324	L1	L1.1	L1.1.1	L1.1.1.11	
SRR12882493	Gambia	4211861.0	30-138	135.49677731530076	62.0	4142106.0	3974385.0	95.950827912178	35.2	105.12999999999997	49.8	2290	L1	L1.1	L1.1.1	L1.1.1.11	
SRR12882494	Gambia	2804471.0	30-138	135.32872937534387	64.0	2751884.0	2654557.0	96.46325935250178	34.9	74.61999999999992	35.9	2255	L1	L1.1	L1.1.1	L1.1.1.11	
SRR12882496	Gambia	2778317.0	30-138	135.57176664865815	64.0	2734360.0	2643459.0	96.67560233473282	34.4	77.07	36.2	2257	L1	L1.1	L1.1.1	L1.1.1.11	
SRR12882589	Switzerland	12001408.0	30-101	99.56797302449846	63.0	11913734.0	11712354.0	98.30968191836412	32.5	236.67	110.4	2187	L1	L1.1	L1.1.1	L1.1.1.8	
SRR12882591	Ghana	3626175.0	30-126	125.34311168104132	64.0	3596741.0	3549972.0	98.69968396389956	35.9	75.74000000000004	47.4	1438	L3	L3.4			
SRR12882634	United Republic of Tanzania	11261860.0	30-101	99.67865840988966	64.0	11200388.0	9022316.0	80.55360225020776	34.3	180.07000000000022	75.7	1501	L3	L3.3			
SRR12882637	United Kingdom	7354249.0	30-101	99.45215806535786	64.0	7285956.0	7146441.0	98.08515176320032	35.4	151.9200000000001	64.8	1510	L3	L3.1	L3.1.2		
SRR12882652	Nepal	108686669.0	30-51	50.99951647243877	64.0	108684086.0	105108483.0	96.7100951651744	34.7	100.65	61.1	1364	L3	L3.1	L3.1.3		
SRR12882664	United Republic of Tanzania	5820191.0	30-151	139.4321203548131	64.0	5139010.0	4949784.0	96.31785110361724	35.9	165.05999999999975	104.2	1524	L3	L3.4			
SRR12882701	Switzerland	4550032.0	30-101	99.43276618713892	64.0	4506214.0	4447148.0	98.68923224684846	32.9	96.32999999999991	38.2	1486	L3	L3.2			
SRR12882715	United Republic of Tanzania	3603666.0	30-138	136.12421128928153	65.0	3567952.0	3522125.0	98.71559370753866	36.2	96.97999999999992	43.3	1513	L3	L3.3			
SRR12882727	Nepal	6872672.0	30-126	110.83741723742963	64.0	6652804.0	6398839.0	96.1825870715566	35.0	145.67999999999986	62.1	1531	L3	L3.1	L3.1.3		
SRR12882750	United States of America	8918075.0	30-101	99.62885398474448	64.0	8862208.0	8693905.0	98.10089088407766	35.8	178.89999999999975	85.7	2195	L1	L1.1	L1.1.1	L1.1.1.1	
SRR12882757	United Republic of Tanzania	6180903.0	30-101	98.9023212304092	64.0	6065260.0	5782453.0	95.3372650141956	34.9	94.02999999999996	36.1	1510	L3	L3.1	L3.1.1	L3.1.1.1	
SRR12882765	Uganda	6698318.0	30-101	98.71251320107524	65.0	6550962.0	6456557.0	98.5589139427156	32.9	131.1199999999999	54.9	1492	L3	L3.3			
SRR13180259	Belgium	1883201.0	30-251	226.63657941982825	65.0	1870200.0	1812456.0	96.9124157844081	34.9	91.64999999999996	42.8	1520	L3	L3.1	L3.1.3		
SRR13180266	Belgium	1645519.0	30-251	234.51087164596703	64.0	1634558.0	1607658.0	98.35429516725624	34.4	83.31999999999995	38.2	1533	L3	L3.4			
SRR13180364	Belgium	1933088.0	30-251	222.2852891332417	64.0	1916734.0	1894633.0	98.84694485515465	35.1	93.84999999999998	32.3	909	L4	L4.3	L4.3.1		
SRR13180370	Belgium	1626671.0	30-251	233.3180145216826	64.0	1616646.0	1474672.0	91.21799082792398	35.8	77.16999999999994	30.7	1055	L4	L4.1	L4.1.4		
SRR13180403	Belgium	1903288.0	30-251	225.4464169374262	64.0	1892618.0	1871139.0	98.8651169966681	34.1	93.25999999999998	37.4	1073	L4	L4.2	L4.2.2	L4.2.2.1	
SRR16370211		1848071.0	35-251	224.0491534145604	65.0	1830692.0	1818449.0	99.33123649417816	35.4	90.73	37.3	1486	L2	L2.2	2.2.1.2		
SRR16370587		2225930.0	35-251	225.74448118314592	65.0	2206902.0	2184978.0	99.00657120252735	34.5	109.61999999999998	52.9	1494	L2	L2.2	2.2.1.2		
SRR16370610		2997581.0	35-251	222.8956992321476	65.0	2977676.0	2958123.0	99.34334695917218	33.7	146.2899999999999	65.5	1493	L2	L2.2	2.2.1.2		
SRR16370677		3121146.0	35-251	236.74674943113845	65.0	3096272.0	3064901.0	98.98681381997449	32.6	159.14999999999978	75.3	1453	L2	L2.2	2.2.1.2		
SRR2099936		2343612.0	201.0	201.0	54.0	2298660.0	2252674.0	97.99944315383745	31.8	55.87000000000001	10.9	623	L4	L4.8	L4.8.2		
SRR2099944		2950986.0	151.0	151.0	64.0	2885164.0	2873205.0	99.58550016567516	34.4	96.05	32.6	776	L4	L4.6	L4.6.3		
SRR2100006		2845363.0	151.0	151.0	64.0	2807816.0	2789826.0	99.35928850038609	34.4	93.93	32.0	1032	L4	L4.1	L4.1.1	L4.1.1.3	L4.1.1.3.1
SRR2100052		2886901.0	151.0	151.0	63.0	2802032.0	2784858.0	99.38708765638653	34.5	93.0	30.0	1026	L4	L4.1	L4.1.1	L4.1.1.3	L4.1.1.3.1
SRR2100104		6436410.0	75.0	75.0	64.0	6434526.0	6381951.0	99.18292349739517	38.4	108.05000000000004	40.8	572	L4	L4.8	L4.8.2		
SRR2100308		4017238.0	100.0	100.0	64.0	3946870.0	3921952.0	99.3686642833435	38.7	86.9099999999999	37.0	1031	L4	L4.1	L4.1.1	L4.1.1.3	L4.1.1.3.1
SRR2100924		5390170.0	100.0	100.0	64.0	5347028.0	5317616.0	99.44993742318162	35.0	118.64999999999976	58.4	818	L4	L4.6	L4.6.5		
SRR3082111	Albania	4437327.0	30-101	99.89557947836614	63.0	4429562.0	4328582.0	97.72031636536524	35.1	88.43999999999996	20.7	589	L4	L4.8	L4.8.1		
SRR3085331	Djibouti	4867105.0	30-101	99.83617119416984	64.0	4853724.0	4803680.0	98.96895661970066	33.5	103.11999999999992	33.6	1027	L4	L4.2	L4.2.2	L4.2.2.2	
SRR3085355	Italy	4700890.0	30-101	99.27162643669602	63.0	4643208.0	4565263.0	98.32131147258534	29.7	91.3599999999999	24.0	1073	L4	L4.2	L4.2.1		
SRR3086363	Tajikistan	8010574.0	30-101	99.9208321401188	62.0	8000000.0	7931409.0	99.1426125	32.1	142.5299999999999	46.5	1082	L4	L4.2	L4.2.1	L4.2.1.1	
SRR3500411	Botswana	2680126.0	35-251	229.40610105644288	64.0	2649936.0	2403524.0	90.70120938769844	33.6	120.93999999999996	57.7	2270	M. mungi				
SRR3647357	United Kingdom	7757982.0	125.0	125.0	65.0	7737594.0	7664476.0	99.05502925069472	34.7	215.44999999999905	150.8	2171	M. microti				
SRR3675479	United Kingdom	3651338.0	35-151	137.47813979423432	64.0	3611764.0	3557198.0	98.48921468844588	34.8	109.13999999999996	30.6	626	L4	L4.8	L4.8.2		
SRR3724662	Ivory Coast	8090565.0	30-101	99.67959963241134	63.0	8047182.0	7983873.0	99.21327739325396	34.2	143.96	35.9	1079	L4	L4.1	L4.1.3		
SRR3724669	Democratic Republic of the Congo	8905101.0	30-101	99.80289319570883	62.0	8875874.0	8376079.0	94.36906157072532	34.1	136.26999999999992	43.8	1512	L3	L3.6			
SRR3724755	Democratic Republic of the Congo	9935832.0	30-101	99.76410611612596	61.0	9896602.0	9761253.0	98.63236896866218	32.4	137.14999999999984	41.9	1003	L4	L4.1	L4.1.1	L4.1.1.1	
SRR3724767	Thailand	9078365.0	30-101	99.7098047941452	62.0	9034438.0	8874306.0	98.22753778375588	32.4	128.46999999999974	53.0	2237	L1	L1.1	L1.1.3	L1.1.3.1	
SRR3724780	Thailand	5628498.0	30-101	99.6567279583292	63.0	5596370.0	5469315.0	97.72968906630548	32.2	84.23999999999994	25.5	2164	L1	L1.1	L1.1.1	L1.1.1.7	
SRR3724788	Thailand	6460944.0	30-101	99.79574935179753	61.0	6439050.0	6314938.0	98.07251069645368	32.4	95.73999999999997	38.1	2133	L1	L1.1	L1.1.1	L1.1.1.9	
SRR3724793	United Republic of Tanzania	3348306.0	30-101	99.62032980259272	64.0	3326962.0	3249409.0	97.66895443951567	31.8	53.05	12.1	2111	L1	L1.2	L1.2.1		
SRR3724803	Ivory Coast	7729242.0	30-101	99.72068024264216	62.0	7692988.0	7621565.0	99.07158310918982	34.5	135.6499999999999	46.7	1060	L4	L4.1	L4.1.3		
SRR3724818	Ivory Coast	6574661.0	30-101	99.72216696800032	62.0	6544080.0	6467255.0	98.82603819024216	34.2	113.19999999999992	28.4	831	L4	L4.6	L4.6.2	L4.6.2.2	
SRR3724943	Thailand	10848066.0	30-101	99.75519544221062	61.0	10803772.0	10610702.0	98.21293896242904	32.7	153.10000000000014	63.6	2134	L1	L1.1	L1.1.1	L1.1.1.7	
SRR3724959	Thailand	8511361.0	30-101	99.79633715453969	61.0	8482530.0	8297719.0	97.82127502054222	32.0	115.65999999999988	46.3	2158	L1	L1.2	L1.2.2	L1.2.2.2	
SRR3724965	Ivory Coast	7601150.0	30-101	99.65481354794998	64.0	7557264.0	7475387.0	98.916578804181	33.8	133.21999999999997	26.6	1070	L4	L4.1	L4.1.3		
SRR3724967	United Republic of Tanzania	9791467.0	30-101	99.74462907345752	62.0	9749580.0	9574022.0	98.19932756077698	32.5	157.0600000000002	65.9	2139	L1	L1.2	L1.2.1		
SRR3725670	South Africa	12417197.0	30-101	99.80205017283691	62.0	12376332.0	12075469.0	97.56904549748666	31.2	192.04000000000053	64.7	1043	L4	L4.1	L4.1.1	L4.1.1.2	
SRR3725703	Ivory Coast	10468312.0	30-101	99.65187816335624	63.0	10407360.0	10151850.0	97.54491052485932	31.3	179.8400000000004	62.2	1053	L4	L4.1	L4.1.3		
SRR3743377	Moldova	4979084.0	30-101	99.79739405882688	62.0	4962154.0	4835350.0	97.4445774959826	33.6	91.5299999999999	29.2	1051	L4	L4.2	L4.2.1		
SRR3743379	Moldova	5334851.0	30-101	99.60932817055247	63.0	5299722.0	5150507.0	97.18447495925258	33.4	100.27999999999992	33.5	1064	L4	L4.2	L4.2.1		
SRR4423136	Bangladesh	3159287.0	30-300	177.1510616161178	65.0	3085128.0	3075988.0	99.70374000689762	35.2	123.74999999999996	50.2	1475	L3	L3.4			
SRR4423141	Bangladesh	2568080.0	30-300	176.71958428086353	64.0	2520740.0	2511153.0	99.61967517475028	35.3	100.63999999999994	35.5	1568	L2	L2.2	L2.2.M4	L2.2.M4.7	
SRR4423144	Bangladesh	3725314.0	30-300	178.25022857133655	64.0	3678954.0	3662322.0	99.54791497800734	35.4	146.97999999999988	48.3	1011	L4	L4.1	L4.1.1	L4.1.1.1	
SRR4423154	Bangladesh	2422427.0	30-300	177.63874907272748	64.0	2388964.0	2381342.0	99.68094956642294	35.3	95.72999999999992	37.4	1547	L2	L2.2	L2.2.M4	L2.2.M4.7	
SRR4423170	Bangladesh	2607107.0	30-300	177.25690506757107	64.0	2562736.0	2551717.0	99.57002984310516	35.3	102.48999999999997	34.2	1516	L2	L2.2	L2.2.M4	L2.2.M4.7	
SRR5065202	Vietnam	3254441.0	30-151	148.4373294830049	64.0	3222988.0	3185288.0	98.83027799048584	33.3	102.35999999999994	43.6	2117	L1	L1.1	L1.1.1	L1.1.1.1	
SRR5065206	Vietnam	3045260.0	30-151	145.5017627394705	64.0	3025738.0	2996964.0	99.04902539479625	33.0	92.26	24.7	861	L4	L4.4	L4.4.1	L4.4.1.2	
SRR5065207	Vietnam	3645065.0	30-151	147.38894395573192	64.0	3613578.0	3568472.0	98.75176348760148	33.5	112.9799999999999	47.7	2143	L1	L1.1	L1.1.1	L1.1.1.1	
SRR5065217	Vietnam	3335760.0	30-151	146.17063038108256	64.0	3310626.0	3268954.0	98.7412652471164	32.8	100.69	35.5	1527	L2	L2.2	L2.2.AA3	L2.2.AA3.1	
SRR5065232	Vietnam	3124099.0	30-151	147.45600571556793	64.0	3097088.0	3065077.0	98.96641619482558	32.8	97.09	33.6	1545	L2	L2.2	L2.2.M1	L2.2.M1.2	
SRR5065241	Vietnam	3457770.0	30-151	147.43112034635038	64.0	3423032.0	3373867.0	98.56370025170668	33.2	107.68999999999996	42.3	1581	L2	L2.2	L2.2.M1	L2.2.M1.4	
SRR5065269	Vietnam	3800039.0	30-151	148.16669171026928	64.0	3759588.0	3713305.0	98.76893425556204	32.8	119.62999999999992	48.6	1586	L2	L2.2	L2.2.M6	L2.2.M6.1	
SRR5065273	Vietnam	4755412.0	30-151	147.0266958993248	64.0	4707578.0	4666147.0	99.11990836901693	33.1	149.05000000000004	59.2	1575	L2	L2.2	L2.2.M6	L2.2.M6.1	
SRR5065274	Vietnam	2944706.0	30-151	147.359027692408	64.0	2918644.0	2885828.0	98.87564225030528	32.7	91.11000000000004	32.3	1554	L2	L2.2	L2.2.M1	L2.2.M1.1	
SRR5065278	Vietnam	3307957.0	30-151	146.89240428457808	64.0	3276612.0	3237296.0	98.80010205663656	32.7	101.38	39.8	1555	L2	L2.1			
SRR5065283	Vietnam	5206516.0	30-151	146.07060594839237	64.0	5166476.0	5026928.0	97.29897129106958	33.3	151.54000000000022	61.1	1521	L2	L2.1			
SRR5065288	Vietnam	2744194.0	30-151	147.81078123485435	64.0	2722584.0	2694825.0	98.98041713313528	33.3	86.64000000000003	32.7	1556	L2	L2.2	L2.2.M4	L2.2.M4.3	
SRR5065299	Vietnam	3256430.0	30-151	147.22180762368606	65.0	3229182.0	3192413.0	98.86135250351327	32.8	99.99	35.5	1594	L2	L2.2	L2.2.M1	L2.2.M1.1	
SRR5065322	Vietnam	3419771.0	30-151	147.9673229581747	64.0	3389462.0	3344692.0	98.67914140946262	32.8	107.52999999999992	47.4	2148	L1	L1.1	L1.1.1	L1.1.1.10	
SRR5065343	Vietnam	2838680.0	30-151	147.70784202516663	64.0	2812082.0	2785233.0	99.0452269884022	33.2	89.71000000000001	34.2	1574	L2	L2.2	L2.2.M2	L2.2.M2.3	
SRR5065352	Vietnam	5402332.0	30-151	145.19442566654547	63.0	5372348.0	4659411.0	86.72950821503001	33.1	133.66000000000005	53.5	1552	L2	L2.2	L2.2.M1	L2.2.M1.2	
SRR5065359	Vietnam	3079553.0	30-151	147.4158463906937	64.0	3046746.0	3015819.0	98.9849170229484	32.9	96.63	38.2	1559	L2	L2.2	L2.2.M1	L2.2.M1.2	
SRR5065362	Vietnam	2895790.0	30-151	146.4783865542736	65.0	2865750.0	2834266.0	98.90136962400769	32.7	89.31000000000002	31.6	1576	L2	L2.2	L2.2.M6	L2.2.M6.2	
SRR5065365	Vietnam	4701485.0	30-151	144.3467398066781	64.0	4668584.0	4617254.0	98.900523156486	33.1	138.92000000000004	47.6	1574	L2	L2.2	L2.2.M5		
SRR5065366	Vietnam	2935749.0	30-151	147.484454563384	64.0	2904916.0	2872376.0	98.87982991590806	33.3	91.01	35.0	1593	L2	L2.2	L2.2.M4	L2.2.M4.3	
SRR5065367	Vietnam	4115360.0	30-151	145.3528012130166	64.0	4087490.0	4042532.0	98.90010740087438	33.0	124.40999999999993	43.3	1553	L2	L2.2	L2.2.M2	L2.2.M2.3	
SRR5065373	Vietnam	2587942.0	30-151	146.98157261638784	64.0	2564520.0	2531584.0	98.71570508321246	32.7	80.41000000000003	27.7	1562	L2	L2.2	L2.2.M5		
SRR5065375	Vietnam	3416491.0	30-151	147.1797349971067	64.0	3390942.0	3346729.0	98.69614402133683	32.9	104.92999999999998	41.5	2204	L1	L1.2	L1.2.2	L1.2.2.5	
SRR5065376	Vietnam	2927903.0	30-151	147.02540043163998	64.0	2896448.0	2861927.0	98.80816089223768	32.8	90.85	34.0	1578	L2	L2.2	L2.2.M5		
SRR5065386	Vietnam	3396197.0	30-151	146.8222823941014	64.0	3370986.0	3325419.0	98.6482589960326	32.8	104.57999999999994	41.7	2141	L1	L1.1	L1.1.1	L1.1.1.10	
SRR5065417	Vietnam	3454696.0	30-151	146.75397430048838	64.0	3430120.0	3395501.0	98.99073501801686	32.9	107.33999999999996	31.4	916	L4	L4.5			
SRR5065432	Vietnam	2564493.0	30-151	147.52334983951994	64.0	2540662.0	2500645.0	98.4249380673226	33.3	79.80999999999999	33.2	2206	L1	L1.1	L1.1.1	L1.1.1.8	
SRR5065437	Vietnam	3906235.0	30-151	146.51938298643066	63.0	3878472.0	3714760.0	95.77895624874952	33.7	117.11999999999988	49.3	2250	L1	L1.1	L1.1.1	L1.1.1.6	
SRR5065438	Vietnam	4160946.0	30-151	146.95195659833124	64.0	4123582.0	4079083.0	98.92086540294336	33.1	128.22999999999993	52.0	1564	L2	L2.2	L2.2.M6	L2.2.M6.2	
SRR5065442	Vietnam	2894103.0	30-151	147.79349041827467	64.0	2869806.0	2842757.0	99.05746242080475	33.4	91.48000000000002	34.8	1545	L2	L2.2	L2.2.M1	L2.2.M1.3	
SRR5065456	Vietnam	4970707.0	30-151	142.21694217744076	64.0	4941684.0	4874128.0	98.63293565513295	33.2	143.70000000000013	56.7	2204	L1	L1.1	L1.1.1	L1.1.1.4	
SRR5065460	Vietnam	3337192.0	30-151	147.22056747109545	64.0	3310892.0	3275010.0	98.91624371921525	32.9	104.09999999999998	37.1	1552	L2	L2.2	L2.2.M1	L2.2.M1.3	
SRR5065472	Vietnam	3490055.0	30-151	147.03651432427282	64.0	3462636.0	3428774.0	99.02207451201916	32.9	108.45999999999998	38.4	1578	L2	L2.2	L2.2.M6	L2.2.M6.1	
SRR5065479	Vietnam	3675952.0	30-151	147.18141803810278	64.0	3644952.0	3611639.0	99.08605106459564	33.1	115.37	46.6	1519	L2	L2.2	L2.2.AA3	L2.2.AA3.1	
SRR5065504	Vietnam	3379192.0	30-151	147.4873895889905	64.0	3349128.0	3310036.0	98.83277079884677	33.5	105.96999999999994	46.6	2166	L1	L1.1	L1.1.1	L1.1.1.4	
SRR5065520	Vietnam	4402420.0	30-151	145.9882830352397	64.0	4359044.0	4317419.0	99.0450887855227	33.3	133.68999999999997	52.8	1502	L2	L2.2	L2.2.AA3	L2.2.AA3.1	
SRR5065536	Vietnam	3321166.0	30-151	146.75488698848537	65.0	3295814.0	3259567.0	98.90021099491658	32.8	101.69	36.2	1555	L2	L2.2	L2.2.M1	L2.2.M1.1	
SRR5065618	Vietnam	3558737.0	30-151	147.24567479979555	64.0	3532204.0	3498163.0	99.03626744095187	32.9	110.81000000000002	45.1	1599	L2	L2.2	L2.2.M4	L2.2.M4.6	
SRR5065666	Vietnam	2905008.0	30-151	148.17440192935786	64.0	2881748.0	2844547.0	98.70908212654264	33.0	90.99	41.1	2161	L1	L1.1	L1.1.1	L1.1.1.4	
SRR5065682	Vietnam	2515490.0	30-151	147.20691515370763	64.0	2497966.0	2468748.0	98.83032835514976	32.8	77.96999999999998	26.2	1523	L2	L2.2	L2.2.AA4		
SRR5065692	Vietnam	2925765.0	30-151	147.69277095050353	64.0	2898460.0	2870833.0	99.04683866605023	33.3	91.92000000000002	35.5	1581	L2	L2.2	L2.2.M4	L2.2.M4.3	
SRR5067221	Vietnam	4084493.0	30-151	147.4023525073981	64.0	4066392.0	4027457.0	99.04251729788965	33.2	126.77999999999994	52.1	1553	L2	L2.2	L2.2.AA4		
SRR5067251	Vietnam	3038459.0	30-151	147.88774210874658	64.0	3008854.0	2969892.0	98.70508838248716	32.7	95.32000000000002	36.3	1580	L2	L2.2	L2.2.M2	L2.2.M2.5	
SRR5067257	Vietnam	3285757.0	30-151	146.87035012023105	64.0	3256808.0	3224678.0	99.01345120743991	33.1	101.60000000000004	40.1	1560	L2	L2.2	L2.2.B		
SRR5067260	Vietnam	3266225.0	30-151	148.08134283461794	64.0	3235710.0	3198091.0	98.83738035856118	32.5	103.22	39.4	1576	L2	L2.2	L2.2.M2	L2.2.M2.5	L2.2.1.2
SRR5067290	Vietnam	3357054.0	30-151	148.18760675282553	64.0	3329894.0	3289531.0	98.7878593132394	32.8	106.07	41.2	1573	L2	L2.2	L2.2.M2	L2.2.M2.3	
SRR5067304	Vietnam	3361315.0	30-151	147.68392191746386	64.0	3329840.0	3297456.0	99.02746077889628	33.5	105.37000000000002	41.6	1554	L2	L2.2	L2.2.M2	L2.2.M2.3	
SRR5067316	Vietnam	3126995.0	30-151	148.13366986515808	64.0	3096916.0	3054504.0	98.63050854462956	32.8	98.58000000000004	38.1	1558	L2	L2.2	L2.2.M2	L2.2.M2.5	
SRR5067357	Vietnam	3570820.0	30-151	147.8574436684011	64.0	3550358.0	3503481.0	98.67965427711796	33.0	111.84999999999997	51.6	2183	L1	L1.1	L1.1.1	L1.1.1.10	
SRR5067393	Vietnam	3642344.0	30-151	148.18111880701	64.0	3613972.0	3564765.0	98.63842331927307	32.4	114.88999999999994	45.2	1573	L2	L2.2	L2.2.M4	L2.2.M4.6	
SRR5067427	Vietnam	3639241.0	30-151	148.34218426314715	64.0	3602816.0	3562616.0	98.88420613209225	33.2	115.73999999999997	37.7	897	L4	L4.4	L4.4.2		
SRR5067501	Vietnam	3249689.0	30-151	147.82450720668962	64.0	3212334.0	3178608.0	98.95010917295647	33.0	102.45	39.0	1594	L2	L2.2	L2.2.M1	L2.2.M1.4	
SRR5067585	Vietnam	3096599.0	30-151	148.20505916329495	64.0	3065146.0	3021995.0	98.59220409076762	32.8	96.98	43.3	2238	L1	L1.1	L1.1.1	L1.1.1.5	
SRR5067596	Vietnam	4982676.0	30-151	147.82958916052337	64.0	4945018.0	4880687.0	98.69907450286328	32.9	155.54999999999984	68.7	2253	L1	L1.1	L1.1.1	L1.1.1.9	
SRR5067653	Vietnam	2268373.0	30-151	148.12052118412623	64.0	2241574.0	2210790.0	98.62667928874978	32.2	71.33999999999996	26.6	1509	L2	L2.2	L2.2.AA4		
SRR5073504	Vietnam	2877082.0	30-151	147.8705994476348	64.0	2835142.0	2809018.0	99.07856467154026	34.0	91.46000000000002	37.5	1594	L2	L2.2	L2.2.M1	L2.2.M1.2	
SRR5073607	Vietnam	2545393.0	30-151	148.50196295817582	64.0	2519768.0	2486899.0	98.69555451136772	32.1	80.97000000000003	30.0	1578	L2	L2.2	L2.2.M4	L2.2.M4.6	
SRR5073617	Vietnam	2816305.0	30-151	146.9906963201784	64.0	2787874.0	2754619.0	98.80715556011498	34.3	89.03999999999996	39.5	2195	L1	L1.2	L1.2.2	L1.2.2.5	
SRR5073627	Vietnam	3604375.0	30-151	145.76438605860932	64.0	3581578.0	3529384.0	98.54270938675634	33.3	112.29999999999993	33.3	869	L4	L4.4	L4.4.2		
SRR5073646	Vietnam	3645516.0	30-151	148.11024996187098	64.0	3609524.0	3558464.0	98.58540904562486	32.9	115.39999999999996	44.3	1517	L2	L2.2	L2.2.AA2		
SRR5073650	Vietnam	2570535.0	30-151	147.07521819387793	64.0	2544162.0	2516553.0	98.91480967013892	34.0	81.54	32.4	1510	L2	L2.2	L2.2.AA4		
SRR5073669	Vietnam	3338519.0	30-151	147.16708756187998	64.0	3304294.0	3263996.0	98.7804353970924	32.9	104.97999999999998	39.7	1567	L2	L2.2	L2.2.M1	L2.2.M1.4	
SRR5073670	Vietnam	3258014.0	30-151	148.40486320807707	64.0	3213618.0	3181813.0	99.0103055185775	33.8	103.89	41.8	1529	L2	L2.2	L2.2.M1	L2.2.M1.3	
SRR5073695	Vietnam	2577831.0	30-151	148.26579826218244	64.0	2541778.0	2508250.0	98.68092335365245	33.6	82.07000000000001	32.5	1556	L2	L2.2	L2.2.M1	L2.2.M1.3	
SRR5073699	Vietnam	3718385.0	30-151	148.10120899261372	64.0	3676906.0	3635155.0	98.86450727867395	33.9	117.66999999999996	46.8	1543	L2	L2.2	L2.2.B		
SRR5073703	Vietnam	3238932.0	30-151	136.68328356384143	64.0	3209506.0	3155886.0	98.32933791056942	33.5	94.17	33.6	1526	L2	L2.2	L2.2.B		
SRR5073716	Vietnam	3119910.0	30-151	148.15821898708617	64.0	3087662.0	3052243.0	98.85288609957956	32.8	99.19000000000004	37.7	1482	L2	L2.2	L2.2.AA3	L2.2.AA3.2	
SRR5073762	Vietnam	3462987.0	30-151	148.35382315902427	64.0	3426566.0	3378082.0	98.58505570883504	33.0	109.84999999999997	42.5	1514	L2	L2.2	L2.2.AA2		
SRR5073778	Vietnam	3524965.0	30-151	145.91925990754518	64.0	3490930.0	3443822.0	98.65056016591566	34.2	109.80999999999992	49.3	2177	L1	L1.1	L1.1.1	L1.1.1.4	
SRR5073801	Vietnam	2684594.0	30-151	148.37983471616192	64.0	2656136.0	2619732.0	98.629437649277	33.9	85.42000000000002	37.4	2160	L1	L1.1	L1.1.1	L1.1.1.5	
SRR5073842	Vietnam	3183148.0	30-151	146.68904524703217	64.0	3148740.0	3112935.0	98.86287848472722	33.8	100.04999999999998	32.4	903	L4	L4.4	L4.4.2		
SRR5073849	Vietnam	3571316.0	30-151	148.17014624300958	64.0	3537422.0	3495443.0	98.81328832126898	33.2	113.49999999999996	49.2	2182	L1	L1.2	L1.2.2	L1.2.2.5	
SRR5073852	Vietnam	3174584.0	30-151	148.44995060770168	64.0	3128904.0	3088792.0	98.71801755502888	33.5	101.02	41.3	1562	L2	L2.2	L2.2.M5		
SRR5073862	Vietnam	2611154.0	30-151	148.0859505031109	64.0	2579736.0	2552569.0	98.94690774559878	34.1	83.19999999999997	33.7	1605	L2	L2.2	L2.2.M5		
SRR5073875	Vietnam	3437491.0	30-151	147.50895609617595	64.0	3383386.0	3336922.0	98.62670118041513	33.6	107.92	43.7	1575	L2	L2.2	L2.2.M6	L2.2.M6.1	
SRR5073895	Vietnam	2907354.0	30-151	146.7177560764874	64.0	2870358.0	2835524.0	98.78642315697206	33.9	91.31000000000002	35.7	1529	L2	L2.2	L2.2.M1	L2.2.M1.3	
SRR5073967	Vietnam	3190843.0	30-151	147.98863685866087	64.0	3156398.0	3116740.0	98.7435678263641	34.1	100.76999999999998	45.2	2131	L1	L1.1	L1.1.1	L1.1.1.7	
SRR5073987	Vietnam	2954859.0	30-151	145.75616264600103	64.0	2928170.0	2886438.0	98.57480952267116	33.9	92.32	41.1	2181	L1	L1.1	L1.1.1	L1.1.1.10	
SRR5073988	Vietnam	4063467.0	30-151	147.85530041218496	64.0	4025490.0	3972972.0	98.69536379422132	33.1	128.13999999999993	56.7	2210	L1	L1.1	L1.1.1	L1.1.1.4	
SRR5073994	Vietnam	3275747.0	30-151	147.90576866894787	64.0	3242584.0	3210982.0	99.02540689770876	33.1	104.02	40.8	1574	L2	L2.2	L2.2.M6	L2.2.M6.1	
SRR5074079	Vietnam	3646078.0	30-151	146.36020595280738	64.0	3619848.0	3580483.0	98.91252339877256	33.6	114.05999999999992	49.3	2145	L1	L1.1	L1.1.1	L1.1.1.10	
SRR5074093	Vietnam	2798646.0	30-151	144.08016948195663	64.0	2771790.0	2751841.0	99.28028458144377	33.7	86.72000000000003	30.3	1496	L2	L2.1			
SRR5074104	Vietnam	3679510.0	30-151	145.9097181418178	64.0	3653950.0	3616700.0	98.98055528948125	33.5	115.21999999999996	48.9	2206	L1	L1.2	L1.2.2	L1.2.2.5	
SRR5074123	Vietnam	3285362.0	30-151	146.53161812914377	64.0	3260112.0	3233833.0	99.19392339895072	33.4	103.8	40.0	1561	L2	L2.2	L2.2.AA4		
SRR5074160	Vietnam	2853184.0	30-151	145.46207850597787	64.0	2828474.0	2804962.0	99.16873904444589	33.5	89.03	33.3	1579	L2	L2.2	L2.2.M4	L2.2.M4.6	
SRR5074170	Vietnam	3506395.0	30-151	146.97852124475423	64.0	3484036.0	3314371.0	95.13021679454518	33.3	106.15000000000002	41.8	1574	L2	L2.2	L2.2.M1	L2.2.M1.2	
SRR5341214	India	2076784.0	30-151	145.8859067673865	62.0	1970656.0	1875363.0	95.16440210772453	33.3	54.790000000000006	20.5	1498	L3	L3.5			
SRR5341250	India	3528404.0	30-151	149.35109641639676	64.0	3471502.0	3421541.0	98.56082468049853	33.7	109.67999999999996	49.9	1535	L3	L3.1	L3.1.1	L3.1.1.2	
SRR5535699	Peru	4457225.0	30-101	99.83345377448973	62.0	4444556.0	4164664.0	93.70258806503958	31.7	69.4	22.8	993	L4	L4.1	L4.1.4		
SRR5535708	Ivory Coast	9071216.0	30-101	99.8482591529074	62.0	9047886.0	8783119.0	97.0737142355684	34.4	142.13999999999987	54.5	1036	L4	L4.1	L4.1.3		
SRR5535891	Democratic Republic of the Congo	9982089.0	30-101	99.77076882404074	62.0	9943186.0	9360533.0	94.14017800733086	31.9	157.5900000000003	58.1	990	L4	L4.1	L4.1.1	L4.1.1.1	
SRR5535929	Botswana	8585880.0	30-101	99.81109449468195	62.0	8558410.0	8041243.0	93.95720700457213	31.9	133.79999999999995	61.5	2212	L1	L1.3	L1.3.1		
SRR5642712	United States of America	2114631.0	36-251	221.5153769144593	65.0	2091682.0	2082572.0	99.56446534415844	35.3	102.16999999999987	55.2	2681	M. orygis				
SRR5709857	Thailand	6633666.0	150.0	150.0	65.0	6189946.0	6096568.0	98.49145695293626	37.2	198.52000000000044	98.6	2209	L1	L1.1	L1.1.2	L1.1.2.1	
SRR5709958	Thailand	8744011.0	150.0	150.0	65.0	8714354.0	8643073.0	99.18202772115984	37.5	290.29000000000104	162.7	1652	L2	L2.2	L2.2.M4	L2.2.M4.2	
SRR5709977	Thailand	6025513.0	150.0	150.0	65.0	6006654.0	5971128.0	99.40855591149416	36.7	200.05000000000072	122.8	1607	L2	L2.2	L2.2.M4	L2.2.M4.1	
SRR5710006	Thailand	6896995.0	150.0	150.0	65.0	6874742.0	6812761.0	99.0984243481428	37.1	228.4500000000008	129.6	1629	L2	L2.2	L2.2.M4	L2.2.M4.1	
SRR5818591	Djibouti	4856423.0	30-151	146.68404667385852	64.0	4846676.0	4433424.0	91.4734964746973	32.7	140.62000000000006	55.1	1015	L4	L4.2	L4.2.2	L4.2.2.2	
SRR5818611	Djibouti	3100143.0	30-151	146.4734036462189	65.0	3089730.0	3005630.0	97.27807931437374	33.2	96.18	48.7	2125	L1	L1.2	L1.2.1		
SRR5818629	Djibouti	3079038.0	30-151	147.7768491327486	65.0	3071220.0	3000716.0	97.70436504060277	33.0	96.54	34.5	802	L4	L4.6	L4.6.5		
SRR5818633	Djibouti	3329386.0	30-101	99.5351851662739	64.0	3303060.0	3260426.0	98.70925747640068	32.9	71.56999999999995	20.6	855	L4	L4.6	L4.6.5		
SRR5818645	Djibouti	2537144.0	30-151	146.49657212992247	65.0	2523150.0	2457090.0	97.38184412341715	33.2	78.7699999999999	30.2	831	L4	L4.6	L4.6.5		
SRR6045572	United Kingdom	3467229.0	35-151	143.53001200670622	64.0	3429762.0	3341526.0	97.42734335501996	33.2	105.02999999999996	28.9	788	L4	L4.6	L4.6.3		
SRR6339643	Australia	4177135.0	30-125	115.96456710161392	64.0	4158628.0	4099266.0	98.5725580648233	32.9	99.81000000000002	37.0	1436	L2	L2.2	L2.2.B		
SRR6339659	Australia	1958113.0	30-151	143.57809125418197	64.0	1947326.0	1936569.0	99.4476014801836	33.6	61.36999999999999	24.7	1475	L3	L3.4			
SRR6480421	Indonesia	5808362.0	93.0	93.0	65.0	5804762.0	5779252.0	99.56053323116434	33.8	121.30000000000004	48.1	1500	L2	L2.2	L2.2.D		
SRR671809	China	5884875.0	90.0	90.0	65.0	5866668.0	5835526.0	99.4691705751885	35.2	118.3799999999997	62.7	1544	L2	L2.2	L2.2.D		
SRR6807696	Moldova	3157745.0	30-151	150.70872410533465	65.0	3148340.0	3119531.0	99.08494635268109	33.2	103.0799999999998	60.3	1597	L2	L2.2	L2.2.M4	L2.2.M4.5	
SRR6807720	Moldova	3878555.0	30-151	150.70692100537445	65.0	3867248.0	3835028.0	99.16684939781469	33.0	126.62999999999968	75.2	1606	L2	L2.2	L2.2.M4	L2.2.M4.9	L2.2.M4.9.2
SRR6807751	Moldova	2780558.0	30-151	150.72519652530175	65.0	2772950.0	2607524.0	94.03429560576282	32.8	86.39999999999989	50.7	1614	L2	L2.2	L2.2.M4	L2.2.M4.9	L2.2.M4.9.1
SRR6807756	Moldova	3973315.0	30-151	150.60242115211102	64.0	3957416.0	3824626.0	96.64452764126897	33.1	124.4799999999997	70.4	1614	L2	L2.2	L2.2.M4	L2.2.M4.9	L2.2.M4.9.1
SRR6807762	Moldova	2983114.0	30-151	150.64414802786618	65.0	2972546.0	2945555.0	99.0919905024178	33.1	94.77999999999984	54.5	1609	L2	L2.2	L2.2.M4	L2.2.M4.9	L2.2.M4.9.2
SRR6824317	China	8246444.0	30-150	149.20576020403462	65.0	8227848.0	8154922.0	99.11366860447592	35.2	242.91000000000105	174.9	1578	L2	L2.2	L2.2.M4	L2.2.M4.3	
SRR6824437	China	7492940.0	30-150	149.220092246835	65.0	7477208.0	7416007.0	99.1814992975988	35.1	221.9500000000008	160.7	1615	L2	L2.2	L2.2.M2	L2.2.M2.4	
SRR6824559	China	10049311.0	30-150	149.75947375894725	65.0	10024610.0	9936065.0	99.1167237428688	38.3	286.3700000000013	196.0	1630	L2	L2.2	L2.2.M4	L2.2.M4.8	
SRR6824569	China	3697867.0	30-150	149.46789378850025	65.0	3677416.0	3635962.0	98.8727410768866	38.9	111.46999999999971	60.2	1473	L2	L2.2	L2.2.AA2		
SRR6824572	China	3470181.0	30-150	149.62659642249207	62.0	3456800.0	2877251.0	83.23452325850498	38.9	89.00999999999989	49.6	1532	L2	L2.2	L2.2.AA3	L2.2.AA3.1	
SRR6824621	China	8612691.0	30-150	149.80879982806766	65.0	8595790.0	8520169.0	99.12025538083178	35.5	261.3200000000008	189.7	1644	L2	L2.2	L2.2.M4	L2.2.M4.7	
SRR6824629	China	10456827.0	30-150	149.73717084541994	65.0	10428754.0	10348661.0	99.23199837679554	38.3	302.9000000000016	210.7	1562	L2	L2.2	L2.2.D		
SRR6824655	China	8618160.0	30-150	149.71184034643125	65.0	8592848.0	8541115.0	99.39795280912683	38.6	264.0100000000011	182.3	1584	L2	L2.2	L2.2.M4	L2.2.M4.3	
SRR6824697	China	11334137.0	30-150	149.541962921394	64.0	11280862.0	11117739.0	98.55398461571464	38.9	343.30000000000103	177.6	1489	L3	L3.5			
SRR7516309	Georgia	3133304.0	30-151	150.63921470754195	65.0	3122074.0	3072366.0	98.40785324114675	32.7	98.73999999999982	54.9	1634	L2	L2.2	L2.2.M4	L2.2.M4.9	L2.2.M4.9.2
SRR7516316	Georgia	4890383.0	30-151	150.6304675932335	63.0	4872898.0	4461453.0	91.55646188366758	32.3	118.34999999999972	62.3	1591	L2	L2.2	L2.2.M4	L2.2.M4.9	L2.2.M4.9.2
SRR7653017	Azerbaijan	3031073.0	30-151	150.482150710326	65.0	3015702.0	2981838.0	98.87707737700872	36.2	90.32000000000002	43.3	1589	L2	L2.2	L2.2.M4	L2.2.M4.9	L2.2.M4.9.2
SRR7653081	Azerbaijan	7089153.0	30-151	150.5155339431946	64.0	7055152.0	6992027.0	99.10526378453646	36.8	209.50999999999965	108.8	1581	L2	L2.2	L2.2.M4	L2.2.M4.9	L2.2.M4.9.1
SRR7655983	Azerbaijan	5847846.0	30-151	150.46539597656982	64.0	5817088.0	5758208.0	98.98780970822514	36.7	174.8999999999999	89.6	1579	L2	L2.2	L2.2.M4	L2.2.M4.9	L2.2.M4.9.1
SRR7693090	Brazil	8936924.0	3-101	99.44508065638692	65.0	8879872.0	8792939.0	99.02101066321676	37.8	196.2999999999998	115.1	2200	M. pinipedii				
SRR7693584	Brazil	4514688.0	22-101	99.08020930793003	64.0	4485948.0	4444283.0	99.07121081207362	37.5	99.11999999999992	50.3	2178	M. pinipedii				
SRR8380877	India	1948019.0	35-251	241.58571964647163	66.0	1900178.0	1879874.0	98.93146852558024	33.3	100.05999999999992	45.4	2268	L1	L1.1	L1.1.3	L1.1.3.3	
SRR8651634	China	11064699.0	150.0	150.0	63.0	11000000.0	10958368.0	99.62152727272728	39.6	334.08000000000067	117.2	1627	L2	L2.2	L2.2.M2	L2.2.M2.1	
